Aeg p;Katse 26;Katse 28;Katse 29;Katse 30
0,00;0,00E+00;0,00E+00;0,00E+00;0,00E+00
0,04;4,35E-06;2,97E-06;2,85E-06;2,46E-06
0,08;5,32E-06;4,77E-06;4,63E-06;4,00E-06
0,12;6,45E-06;6,36E-06;6,52E-06;4,62E-06
0,16;6,61E-06;8,48E-06;7,47E-06;4,62E-06
0,19;4,19E-06;9,32E-06;8,30E-06;4,93E-06
0,23;1,61E-07;9,64E-06;8,90E-06;5,03E-06
0,27;-2,26E-06;9,96E-06;9,25E-06;4,82E-06
0,31;-3,06E-06;1,02E-05;9,73E-06;4,72E-06
0,35;-3,55E-06;1,04E-05;1,01E-05;4,62E-06
0,39;-3,87E-06;1,06E-05;1,03E-05;5,13E-06
0,43;-3,87E-06;1,08E-05;1,04E-05;6,47E-06
0,47;8,06E-07;1,07E-05;1,02E-05;8,83E-06
0,51;9,19E-06;1,02E-05;9,49E-06;1,18E-05
0,54;1,64E-05;8,69E-06;7,35E-06;1,24E-05
0,58;1,10E-05;5,09E-06;3,68E-06;1,18E-05
0,62;7,90E-06;5,00E-06;4,75E-06;9,03E-06
0,66;8,54E-06;5,54E-06;4,49E-06;4,93E-06
0,70;9,03E-06;5,97E-06;5,24E-06;4,21E-06
0,74;9,35E-06;6,40E-06;5,69E-06;5,40E-06
0,78;9,51E-06;6,94E-06;6,20E-06;6,80E-06
0,82;1,02E-05;7,27E-06;6,47E-06;7,88E-06
0,86;1,06E-05;7,70E-06;6,86E-06;7,61E-06
0,89;1,13E-05;8,13E-06;7,25E-06;7,85E-06
0,93;1,18E-05;8,56E-06;7,64E-06;8,09E-06
0,97;1,22E-05;9,00E-06;8,03E-06;8,34E-06
1,01;1,27E-05;9,43E-06;8,42E-06;8,58E-06
1,05;1,32E-05;9,97E-06;8,93E-06;8,93E-06
1,09;1,39E-05;1,04E-05;9,32E-06;9,17E-06
1,13;1,43E-05;1,07E-05;9,59E-06;9,62E-06
1,17;5,52E-03;1,94E-02;6,07E-03;5,54E-03
1,21;1,10E-02;6,68E-02;1,07E-02;1,74E-03
1,24;7,36E-03;9,05E-02;1,07E-02;1,11E-02
1,28;3,69E-03;1,09E-01;1,35E-02;2,27E-02
1,32;1,44E-05;1,33E-01;1,64E-02;2,97E-02
1,36;-5,49E-03;1,57E-01;2,06E-02;3,90E-02
1,40;-1,28E-02;1,76E-01;2,34E-02;4,60E-02
1,44;-1,83E-02;1,90E-01;2,77E-02;5,07E-02
1,48;-2,20E-02;2,09E-01;3,33E-02;5,77E-02
1,52;-2,39E-02;2,23E-01;3,76E-02;6,47E-02
1,56;-2,57E-02;2,37E-01;3,90E-02;7,40E-02
1,59;-2,94E-02;2,52E-01;4,18E-02;8,10E-02
1,63;-3,12E-02;2,66E-01;4,32E-02;8,33E-02
1,67;-3,30E-02;2,85E-01;4,61E-02;8,80E-02
1,71;-3,49E-02;2,94E-01;4,61E-02;9,50E-02
1,75;-3,49E-02;3,09E-01;4,75E-02;9,73E-02
1,79;-3,67E-02;3,23E-01;4,89E-02;9,96E-02
1,83;-3,67E-02;3,32E-01;5,27E-02;1,04E-01
1,87;-3,96E-02;3,52E-01;5,45E-02;1,11E-01
1,91;-4,11E-02;3,67E-01;5,65E-02;1,15E-01
1,94;-4,26E-02;3,81E-01;5,84E-02;1,20E-01
1,98;-4,92E-02;4,00E-01;6,35E-02;1,15E-01
2,02;-4,92E-02;4,14E-01;6,35E-02;1,13E-01
2,06;-4,74E-02;4,29E-01;6,35E-02;1,13E-01
2,10;-4,55E-02;4,38E-01;6,35E-02;1,13E-01
2,14;-4,55E-02;4,47E-01;6,35E-02;1,11E-01
2,18;-4,37E-02;4,66E-01;6,63E-02;1,11E-01
2,22;-4,19E-02;4,90E-01;6,92E-02;1,11E-01
2,26;-4,00E-02;5,09E-01;6,92E-02;1,06E-01
2,29;-3,64E-02;5,23E-01;6,92E-02;1,08E-01
2,33;-3,45E-02;5,28E-01;7,06E-02;1,08E-01
2,37;-3,27E-02;5,38E-01;7,20E-02;1,08E-01
2,41;-3,09E-02;5,42E-01;7,06E-02;1,06E-01
2,45;-3,09E-02;5,47E-01;6,92E-02;1,11E-01
2,49;-3,27E-02;5,57E-01;6,92E-02;1,08E-01
2,53;-3,09E-02;5,57E-01;7,06E-02;1,15E-01
2,57;-3,27E-02;5,57E-01;7,06E-02;1,15E-01
2,61;-3,45E-02;5,52E-01;7,06E-02;1,17E-01
2,64;-3,45E-02;5,47E-01;7,34E-02;1,17E-01
2,68;-3,64E-02;5,42E-01;7,34E-02;1,20E-01
2,72;-3,45E-02;5,38E-01;7,34E-02;1,22E-01
2,76;-3,45E-02;5,28E-01;7,34E-02;1,24E-01
2,80;-3,45E-02;5,23E-01;7,48E-02;1,27E-01
2,84;-3,27E-02;5,14E-01;7,48E-02;1,27E-01
2,88;-3,45E-02;5,04E-01;7,62E-02;1,29E-01
2,92;-3,45E-02;5,04E-01;7,77E-02;1,34E-01
2,96;-3,27E-02;4,90E-01;8,05E-02;1,34E-01
2,99;-3,45E-02;4,81E-01;8,33E-02;1,36E-01
3,03;-3,45E-02;4,71E-01;8,76E-02;1,38E-01
3,07;-3,64E-02;4,62E-01;9,18E-02;1,38E-01
3,11;-3,82E-02;4,52E-01;9,46E-02;1,41E-01
3,15;-3,45E-02;4,38E-01;1,00E-01;1,43E-01
3,19;-3,45E-02;4,29E-01;1,03E-01;1,43E-01
3,23;-3,09E-02;4,19E-01;1,09E-01;1,43E-01
3,27;-2,72E-02;4,10E-01;1,10E-01;1,45E-01
3,31;-2,53E-02;4,00E-01;1,12E-01;1,45E-01
3,34;-2,35E-02;3,91E-01;1,14E-01;1,48E-01
3,38;-1,98E-02;3,72E-01;1,14E-01;1,48E-01
3,42;-1,80E-02;3,62E-01;1,16E-01;1,50E-01
3,46;-1,80E-02;3,43E-01;1,12E-01;1,52E-01
3,50;-1,62E-02;3,24E-01;1,07E-01;1,55E-01
3,54;-1,25E-02;3,05E-01;1,03E-01;1,57E-01
3,58;-1,07E-02;2,91E-01;9,46E-02;1,57E-01
3,62;-1,07E-02;2,77E-01;8,61E-02;1,59E-01
3,66;-8,83E-03;2,53E-01;7,62E-02;1,59E-01
3,69;-5,16E-03;2,39E-01;6,92E-02;1,59E-01
3,73;-3,32E-03;2,25E-01;6,49E-02;1,62E-01
3,77;-1,48E-03;2,10E-01;5,79E-02;1,62E-01
3,81;3,52E-04;2,01E-01;5,50E-02;1,64E-01
3,85;2,19E-03;1,91E-01;5,08E-02;1,64E-01
3,89;4,02E-03;1,77E-01;4,80E-02;1,66E-01
3,93;4,02E-03;1,68E-01;4,37E-02;1,66E-01
3,97;3,52E-04;1,63E-01;4,09E-02;1,66E-01
4,01;-1,48E-03;1,49E-01;3,81E-02;1,69E-01
4,04;-3,32E-03;1,44E-01;3,67E-02;1,71E-01
4,08;-3,32E-03;1,39E-01;3,38E-02;1,71E-01
4,12;-1,48E-03;1,30E-01;3,24E-02;1,71E-01
4,16;-1,48E-03;1,30E-01;2,96E-02;1,71E-01
4,20;3,52E-04;1,20E-01;2,82E-02;1,73E-01
4,24;2,19E-03;1,16E-01;2,68E-02;1,73E-01
4,28;2,19E-03;1,11E-01;2,25E-02;1,76E-01
4,32;4,02E-03;1,01E-01;2,11E-02;1,76E-01
4,36;4,02E-03;9,19E-02;1,69E-02;1,73E-01
4,39;7,70E-03;8,24E-02;9,80E-03;1,76E-01
4,43;7,70E-03;7,29E-02;8,38E-03;1,73E-01
4,47;9,53E-03;6,34E-02;1,12E-02;1,73E-01
4,51;9,53E-03;4,92E-02;9,80E-03;1,71E-01
4,55;1,32E-02;4,44E-02;1,12E-02;1,66E-01
4,59;1,50E-02;3,02E-02;1,26E-02;1,66E-01
4,63;2,05E-02;1,60E-02;1,26E-02;1,64E-01
4,67;2,42E-02;6,51E-03;1,40E-02;1,59E-01
4,71;3,16E-02;-1,25E-02;1,55E-02;1,57E-01
4,74;3,71E-02;-2,67E-02;1,55E-02;1,55E-01
4,78;4,44E-02;-4,09E-02;1,69E-02;1,52E-01
4,82;5,18E-02;-5,51E-02;1,69E-02;1,50E-01
4,86;5,91E-02;-6,46E-02;1,83E-02;1,48E-01
4,90;6,28E-02;-7,41E-02;1,97E-02;1,43E-01
4,94;6,64E-02;-8,36E-02;1,97E-02;1,41E-01
4,98;7,01E-02;-8,83E-02;2,11E-02;1,36E-01
5,02;6,83E-02;-9,78E-02;2,25E-02;1,34E-01
5,06;6,28E-02;-1,03E-01;2,25E-02;1,29E-01
5,09;5,91E-02;-1,03E-01;2,39E-02;1,27E-01
5,13;5,36E-02;-1,12E-01;2,39E-02;1,17E-01
5,17;4,99E-02;-1,07E-01;2,39E-02;1,13E-01
5,21;4,81E-02;-1,17E-01;2,68E-02;1,08E-01
5,25;4,62E-02;-1,22E-01;2,68E-02;1,01E-01
5,29;4,44E-02;-1,22E-01;2,68E-02;9,42E-02
5,33;4,44E-02;-1,22E-01;2,68E-02;9,19E-02
5,37;4,26E-02;-1,26E-01;2,82E-02;8,72E-02
5,41;4,07E-02;-1,26E-01;2,82E-02;8,25E-02
5,44;4,26E-02;-1,26E-01;2,96E-02;8,02E-02
5,48;3,89E-02;-1,31E-01;2,96E-02;8,02E-02
5,52;3,89E-02;-1,31E-01;3,10E-02;7,79E-02
5,56;3,89E-02;-1,26E-01;3,10E-02;8,02E-02
5,60;3,71E-02;-1,31E-01;3,10E-02;8,25E-02
5,64;3,71E-02;-1,31E-01;3,10E-02;8,49E-02
5,68;3,71E-02;-1,31E-01;3,10E-02;8,95E-02
5,72;3,71E-02;-1,31E-01;3,24E-02;9,42E-02
5,76;3,52E-02;-1,31E-01;3,10E-02;1,01E-01
5,79;3,52E-02;-1,31E-01;3,24E-02;1,06E-01
5,83;3,52E-02;-1,36E-01;3,10E-02;1,13E-01
5,87;3,52E-02;-1,31E-01;3,24E-02;1,17E-01
5,91;3,52E-02;-1,31E-01;3,24E-02;1,20E-01
5,95;3,34E-02;-1,31E-01;3,38E-02;1,08E-01
5,99;3,34E-02;-1,26E-01;3,38E-02;9,19E-02
6,03;3,34E-02;-1,26E-01;3,24E-02;7,55E-02
6,07;3,16E-02;-1,31E-01;3,38E-02;6,16E-02
6,11;3,34E-02;-1,26E-01;3,38E-02;4,76E-02
6,14;3,34E-02;-1,22E-01;3,52E-02;3,82E-02
6,18;3,34E-02;-1,22E-01;3,52E-02;2,89E-02
6,22;3,34E-02;-1,22E-01;3,52E-02;1,96E-02
6,26;3,34E-02;-1,22E-01;3,52E-02;1,26E-02
6,30;3,34E-02;-1,17E-01;3,52E-02;5,61E-03
6,34;3,52E-02;-1,12E-01;3,52E-02;9,52E-04
6,38;3,52E-02;-1,07E-01;3,52E-02;-3,71E-03
6,42;3,71E-02;-1,12E-01;3,52E-02;-6,04E-03
6,46;3,89E-02;-1,07E-01;3,52E-02;-6,04E-03
6,49;4,07E-02;-1,07E-01;3,52E-02;-6,04E-03
6,53;3,89E-02;-1,07E-01;3,52E-02;-8,37E-03
6,57;4,07E-02;-1,03E-01;3,52E-02;-6,04E-03
6,61;4,26E-02;-9,78E-02;3,52E-02;-8,37E-03
6,65;4,44E-02;-9,78E-02;3,52E-02;-8,37E-03
6,69;4,62E-02;-9,31E-02;3,52E-02;-1,07E-02
6,73;4,81E-02;-9,31E-02;3,52E-02;-8,37E-03
6,77;4,81E-02;-9,31E-02;3,67E-02;-8,37E-03
6,81;4,81E-02;-9,31E-02;3,81E-02;-8,37E-03
6,84;4,99E-02;-8,83E-02;3,67E-02;-3,71E-03
6,88;5,18E-02;-8,83E-02;3,81E-02;-3,71E-03
6,92;5,36E-02;-8,36E-02;3,81E-02;-3,71E-03
6,96;5,36E-02;-7,88E-02;3,81E-02;-3,71E-03
7,00;5,54E-02;-7,88E-02;3,81E-02;9,52E-04
7,04;5,54E-02;-7,88E-02;3,81E-02;9,52E-04
7,08;5,73E-02;-7,41E-02;3,95E-02;9,52E-04
7,12;5,91E-02;-7,41E-02;3,95E-02;5,61E-03
7,16;6,09E-02;-6,94E-02;4,09E-02;3,28E-03
7,19;6,09E-02;-6,46E-02;4,23E-02;5,61E-03
7,23;6,09E-02;-6,46E-02;4,23E-02;5,61E-03
7,27;6,28E-02;-5,99E-02;4,23E-02;1,03E-02
7,31;6,28E-02;-5,99E-02;4,23E-02;7,94E-03
7,35;6,46E-02;-5,51E-02;4,23E-02;1,03E-02
7,39;6,64E-02;-5,04E-02;4,37E-02;7,94E-03
7,43;6,64E-02;-5,04E-02;4,37E-02;1,26E-02
7,47;6,83E-02;-5,04E-02;4,37E-02;1,49E-02
7,51;6,83E-02;-5,04E-02;4,23E-02;1,49E-02
7,54;6,83E-02;-5,04E-02;4,37E-02;1,49E-02
7,58;6,83E-02;-5,04E-02;4,37E-02;1,73E-02
7,62;6,83E-02;-5,04E-02;4,37E-02;1,73E-02
7,66;6,83E-02;-4,56E-02;4,37E-02;1,96E-02
7,70;6,83E-02;-4,56E-02;4,51E-02;1,96E-02
7,74;7,01E-02;-4,09E-02;4,51E-02;1,96E-02
7,78;7,01E-02;-4,09E-02;4,51E-02;1,96E-02
7,82;6,83E-02;-4,09E-02;4,51E-02;2,19E-02
7,86;7,01E-02;-3,62E-02;4,66E-02;2,19E-02
7,89;7,01E-02;-3,62E-02;4,80E-02;2,43E-02
7,93;7,19E-02;-3,62E-02;4,80E-02;2,43E-02
7,97;7,19E-02;-3,62E-02;4,80E-02;2,66E-02
8,01;7,19E-02;-3,62E-02;4,94E-02;2,66E-02
8,05;7,01E-02;-3,14E-02;4,94E-02;2,43E-02
8,09;7,19E-02;-3,14E-02;4,94E-02;2,43E-02
8,13;7,19E-02;-3,14E-02;4,94E-02;2,66E-02
8,17;7,19E-02;-2,67E-02;5,08E-02;2,66E-02
8,21;7,19E-02;-2,19E-02;5,08E-02;2,66E-02
8,24;7,19E-02;-1,72E-02;5,08E-02;2,66E-02
8,28;7,38E-02;-2,97E-03;5,22E-02;2,89E-02
8,32;7,38E-02;1,77E-03;5,22E-02;2,89E-02
8,36;7,38E-02;1,13E-02;5,22E-02;2,89E-02
8,40;7,38E-02;1,13E-02;5,22E-02;2,89E-02
8,44;7,38E-02;1,13E-02;5,22E-02;2,89E-02
8,48;7,38E-02;1,60E-02;5,36E-02;2,89E-02
8,52;7,38E-02;1,60E-02;5,22E-02;3,13E-02
8,56;7,38E-02;1,60E-02;5,36E-02;3,13E-02
8,59;7,38E-02;2,07E-02;5,50E-02;3,13E-02
8,63;7,38E-02;1,60E-02;5,50E-02;3,36E-02
8,67;7,38E-02;2,55E-02;5,50E-02;3,36E-02
8,71;7,56E-02;2,07E-02;5,50E-02;3,36E-02
8,75;7,56E-02;2,34E-02;5,55E-02;3,38E-02
8,79;7,56E-02;2,54E-02;5,57E-02;3,43E-02
8,83;7,75E-02;3,02E-02;5,86E-02;3,66E-02
8,87;7,56E-02;3,49E-02;5,72E-02;3,66E-02
8,91;7,75E-02;3,96E-02;5,72E-02;3,89E-02
8,94;7,75E-02;3,96E-02;5,72E-02;3,89E-02
8,98;7,56E-02;3,96E-02;5,86E-02;3,89E-02
9,02;7,56E-02;4,44E-02;5,86E-02;3,89E-02
9,06;7,75E-02;4,44E-02;6,00E-02;3,89E-02
9,10;7,56E-02;4,91E-02;6,00E-02;4,13E-02
9,14;7,56E-02;4,91E-02;6,14E-02;4,13E-02
9,18;7,56E-02;5,39E-02;6,14E-02;4,13E-02
9,22;7,56E-02;5,39E-02;6,28E-02;4,13E-02
9,26;7,56E-02;5,39E-02;6,28E-02;4,13E-02
9,29;7,56E-02;5,86E-02;6,14E-02;4,36E-02
9,33;7,56E-02;5,86E-02;6,28E-02;4,36E-02
9,37;7,56E-02;6,33E-02;6,28E-02;4,59E-02
9,41;7,56E-02;6,33E-02;6,56E-02;4,59E-02
9,45;7,38E-02;6,81E-02;6,56E-02;4,59E-02
9,49;7,56E-02;6,81E-02;6,71E-02;4,59E-02
9,53;7,56E-02;7,28E-02;6,71E-02;4,82E-02
9,57;7,38E-02;7,28E-02;6,71E-02;4,82E-02
9,61;7,38E-02;7,76E-02;6,85E-02;4,82E-02
9,64;7,38E-02;8,23E-02;6,85E-02;4,82E-02
9,68;7,56E-02;8,23E-02;6,99E-02;4,82E-02
9,72;7,56E-02;8,23E-02;7,13E-02;4,82E-02
9,76;7,56E-02;8,71E-02;7,13E-02;4,82E-02
9,80;7,56E-02;9,01E-02;7,32E-02;4,95E-02
9,84;7,56E-02;9,31E-02;7,40E-02;4,98E-02
9,88;7,56E-02;9,31E-02;7,68E-02;4,75E-02
9,92;7,75E-02;1,03E-01;7,68E-02;4,75E-02
9,96;7,56E-02;1,07E-01;7,68E-02;4,51E-02
9,99;7,56E-02;1,07E-01;7,82E-02;4,75E-02
10,03;7,75E-02;1,12E-01;7,82E-02;4,75E-02
10,07;7,56E-02;1,17E-01;7,82E-02;4,75E-02
10,11;7,56E-02;1,22E-01;8,11E-02;4,98E-02
10,15;7,75E-02;1,26E-01;8,11E-02;4,98E-02
10,19;7,56E-02;1,26E-01;8,25E-02;5,21E-02
10,23;7,75E-02;1,26E-01;8,39E-02;4,98E-02
10,27;7,75E-02;1,36E-01;8,39E-02;4,98E-02
10,31;7,75E-02;1,36E-01;8,67E-02;4,98E-02
10,34;7,75E-02;1,45E-01;8,67E-02;5,21E-02
10,38;7,75E-02;1,45E-01;8,95E-02;5,21E-02
10,42;7,93E-02;1,50E-01;8,95E-02;5,21E-02
10,46;7,93E-02;1,55E-01;9,24E-02;5,21E-02
10,50;7,75E-02;1,60E-01;9,38E-02;5,21E-02
10,54;7,75E-02;1,64E-01;9,66E-02;5,21E-02
10,58;7,93E-02;1,64E-01;9,80E-02;5,45E-02
10,62;7,75E-02;1,69E-01;1,02E-01;5,45E-02
10,66;7,56E-02;1,74E-01;1,05E-01;5,45E-02
10,69;7,56E-02;1,78E-01;1,09E-01;5,45E-02
10,73;7,75E-02;1,83E-01;1,11E-01;5,45E-02
10,77;7,56E-02;1,88E-01;1,16E-01;5,68E-02
10,81;7,56E-02;1,93E-01;1,19E-01;5,68E-02
10,85;7,75E-02;1,97E-01;1,23E-01;5,68E-02
10,89;7,75E-02;2,02E-01;1,29E-01;5,68E-02
10,93;7,56E-02;2,07E-01;1,35E-01;5,91E-02
10,97;7,75E-02;2,16E-01;1,40E-01;5,91E-02
11,01;7,75E-02;2,21E-01;1,46E-01;5,91E-02
11,04;7,75E-02;2,31E-01;1,52E-01;5,91E-02
11,08;7,75E-02;2,35E-01;1,56E-01;6,15E-02
11,12;7,75E-02;2,45E-01;1,62E-01;6,15E-02
11,16;7,75E-02;2,54E-01;1,67E-01;5,91E-02
11,20;7,56E-02;2,64E-01;1,73E-01;6,15E-02
11,24;7,75E-02;2,73E-01;1,77E-01;6,15E-02
11,28;7,75E-02;2,83E-01;1,81E-01;5,91E-02
11,32;7,93E-02;2,97E-01;1,83E-01;6,15E-02
11,36;7,93E-02;3,06E-01;1,84E-01;6,15E-02
11,39;7,93E-02;3,16E-01;1,86E-01;6,15E-02
11,43;7,93E-02;3,25E-01;1,86E-01;6,15E-02
11,47;7,75E-02;3,40E-01;1,86E-01;6,38E-02
11,51;7,75E-02;3,44E-01;1,87E-01;6,61E-02
11,55;7,56E-02;3,54E-01;1,89E-01;6,61E-02
11,59;7,75E-02;3,63E-01;1,89E-01;6,61E-02
11,63;7,75E-02;3,63E-01;1,91E-01;6,84E-02
11,67;7,56E-02;3,73E-01;1,91E-01;6,84E-02
11,71;7,75E-02;3,73E-01;1,90E-01;6,84E-02
11,74;7,75E-02;3,82E-01;1,93E-01;6,84E-02
11,78;7,56E-02;3,82E-01;1,94E-01;6,84E-02
11,82;7,75E-02;3,87E-01;1,93E-01;7,08E-02
11,86;7,56E-02;3,92E-01;1,94E-01;7,08E-02
11,90;7,56E-02;3,92E-01;1,96E-01;7,31E-02
11,94;7,56E-02;3,92E-01;1,96E-01;7,31E-02
11,98;7,75E-02;3,97E-01;1,96E-01;7,31E-02
12,02;7,75E-02;3,97E-01;1,97E-01;7,54E-02
12,06;7,75E-02;4,01E-01;1,97E-01;7,54E-02
12,09;7,56E-02;4,01E-01;1,98E-01;7,78E-02
12,13;7,56E-02;4,01E-01;1,98E-01;7,78E-02
12,17;7,75E-02;4,01E-01;2,00E-01;7,78E-02
12,21;7,75E-02;4,06E-01;2,00E-01;7,78E-02
12,25;7,75E-02;4,06E-01;2,01E-01;8,01E-02
12,29;7,75E-02;4,01E-01;2,03E-01;8,24E-02
12,33;7,75E-02;4,06E-01;2,03E-01;8,24E-02
12,37;7,75E-02;4,06E-01;2,04E-01;8,24E-02
12,41;7,56E-02;4,06E-01;2,05E-01;8,48E-02
12,44;7,56E-02;4,06E-01;2,05E-01;8,48E-02
12,48;7,75E-02;4,06E-01;2,07E-01;8,48E-02
12,52;7,75E-02;4,01E-01;2,08E-01;8,94E-02
12,56;7,56E-02;4,06E-01;2,10E-01;8,71E-02
12,60;7,75E-02;4,01E-01;2,10E-01;8,94E-02
12,64;7,56E-02;4,01E-01;2,11E-01;8,94E-02
12,68;7,75E-02;4,01E-01;2,13E-01;9,18E-02
12,72;7,75E-02;4,01E-01;2,14E-01;9,41E-02
12,76;7,75E-02;3,97E-01;2,15E-01;9,41E-02
12,79;7,75E-02;4,01E-01;2,15E-01;9,64E-02
12,83;7,75E-02;3,97E-01;2,17E-01;9,64E-02
12,92;7,75E-02;3,97E-01;2,19E-01;9,88E-02
12,96;7,75E-02;3,97E-01;2,20E-01;9,99E-02
13,00;7,75E-02;3,97E-01;2,21E-01;1,01E-01
13,04;8,11E-02;3,82E-01;2,22E-01;9,43E-02
13,08;7,93E-02;3,82E-01;2,23E-01;9,90E-02
13,11;8,11E-02;3,87E-01;2,26E-01;1,01E-01
13,15;8,30E-02;3,87E-01;2,27E-01;1,01E-01
13,19;8,30E-02;3,82E-01;2,29E-01;1,04E-01
13,23;8,30E-02;3,82E-01;2,31E-01;1,04E-01
13,27;8,30E-02;3,82E-01;2,34E-01;1,04E-01
13,31;8,48E-02;3,82E-01;2,34E-01;1,08E-01
13,35;8,48E-02;3,82E-01;2,37E-01;1,08E-01
13,39;8,66E-02;3,82E-01;2,39E-01;1,08E-01
13,43;8,66E-02;3,82E-01;2,43E-01;1,08E-01
13,46;8,85E-02;3,82E-01;2,44E-01;1,08E-01
13,50;8,85E-02;3,78E-01;2,46E-01;1,08E-01
13,54;9,03E-02;3,78E-01;2,49E-01;1,13E-01
13,58;9,03E-02;3,78E-01;2,52E-01;1,13E-01
13,62;9,21E-02;3,78E-01;2,55E-01;1,13E-01
13,66;9,40E-02;3,78E-01;2,56E-01;1,13E-01
13,70;9,58E-02;3,78E-01;2,61E-01;1,13E-01
13,74;9,77E-02;3,78E-01;2,62E-01;1,13E-01
13,78;1,01E-01;3,78E-01;2,66E-01;1,18E-01
13,81;1,03E-01;3,78E-01;2,69E-01;1,18E-01
13,85;1,05E-01;3,78E-01;2,73E-01;1,18E-01
13,89;1,09E-01;3,78E-01;2,76E-01;1,18E-01
13,93;1,12E-01;3,73E-01;2,80E-01;1,18E-01
13,97;1,16E-01;3,73E-01;2,82E-01;1,18E-01
14,01;1,18E-01;3,73E-01;2,86E-01;1,20E-01
14,05;1,22E-01;3,73E-01;2,91E-01;1,20E-01
14,09;1,27E-01;3,73E-01;2,95E-01;1,22E-01
14,13;1,33E-01;3,73E-01;2,97E-01;1,22E-01
14,16;1,36E-01;3,73E-01;3,02E-01;1,22E-01
14,20;1,42E-01;3,73E-01;3,07E-01;1,22E-01
14,24;1,49E-01;3,78E-01;3,13E-01;1,22E-01
14,28;1,56E-01;3,78E-01;3,16E-01;1,25E-01
14,32;1,66E-01;3,73E-01;3,22E-01;1,25E-01
14,36;1,73E-01;3,78E-01;3,27E-01;1,25E-01
14,40;1,82E-01;3,78E-01;3,33E-01;1,25E-01
14,44;1,89E-01;3,78E-01;3,38E-01;1,25E-01
14,48;1,99E-01;3,82E-01;3,44E-01;1,25E-01
14,51;2,10E-01;3,82E-01;3,50E-01;1,27E-01
14,55;2,19E-01;3,82E-01;3,55E-01;1,27E-01
14,59;2,32E-01;3,82E-01;3,60E-01;1,27E-01
14,63;2,43E-01;3,87E-01;3,67E-01;1,27E-01
14,67;2,56E-01;3,87E-01;3,93E-01;1,27E-01
14,71;2,67E-01;3,87E-01;4,22E-01;1,27E-01
14,75;2,78E-01;3,92E-01;4,73E-01;1,27E-01
14,79;2,90E-01;3,97E-01;5,11E-01;1,27E-01
14,83;3,05E-01;4,01E-01;5,50E-01;1,27E-01
14,86;3,18E-01;4,06E-01;5,88E-01;1,27E-01
14,90;3,31E-01;4,11E-01;6,26E-01;1,27E-01
14,94;3,45E-01;4,11E-01;6,70E-01;1,29E-01
14,98;3,56E-01;4,20E-01;7,15E-01;1,29E-01
15,02;4,34E-01;4,30E-01;7,53E-01;1,27E-01
15,06;4,93E-01;4,30E-01;7,97E-01;1,29E-01
15,10;5,52E-01;4,39E-01;8,48E-01;1,29E-01
15,14;6,04E-01;4,49E-01;8,93E-01;1,29E-01
15,18;6,63E-01;4,58E-01;9,37E-01;1,29E-01
15,21;7,15E-01;4,68E-01;9,88E-01;1,29E-01
15,25;7,67E-01;4,82E-01;1,04E+00;1,29E-01
15,29;8,20E-01;4,91E-01;1,10E+00;1,27E-01
15,33;8,72E-01;5,06E-01;1,14E+00;1,29E-01
15,37;9,17E-01;5,20E-01;1,20E+00;1,29E-01
15,41;9,76E-01;5,34E-01;1,26E+00;1,32E-01
15,45;1,02E+00;5,53E-01;1,31E+00;1,29E-01
15,49;1,06E+00;5,72E-01;1,36E+00;1,29E-01
15,53;1,11E+00;5,91E-01;1,41E+00;1,29E-01
15,56;1,15E+00;6,10E-01;1,47E+00;1,27E-01
15,60;1,20E+00;6,34E-01;1,53E+00;1,32E-01
15,64;1,25E+00;6,62E-01;1,59E+00;1,29E-01
15,68;1,30E+00;6,91E-01;1,65E+00;1,27E-01
15,72;1,34E+00;7,28E-01;1,71E+00;1,29E-01
15,76;1,39E+00;7,57E-01;1,77E+00;1,29E-01
15,80;1,43E+00;8,00E-01;1,83E+00;1,29E-01
15,84;1,48E+00;8,33E-01;1,89E+00;1,29E-01
15,88;1,52E+00;8,80E-01;1,96E+00;1,29E-01
15,91;1,55E+00;9,28E-01;2,00E+00;1,27E-01
15,95;1,60E+00;9,80E-01;2,08E+00;1,29E-01
15,99;1,65E+00;1,04E+00;2,11E+00;1,29E-01
16,03;1,69E+00;1,07E+00;2,17E+00;1,29E-01
16,07;1,74E+00;1,15E+00;2,17E+00;1,29E-01
16,11;1,80E+00;1,22E+00;2,15E+00;1,32E-01
16,15;1,85E+00;1,29E+00;2,14E+00;1,32E-01
16,19;1,90E+00;1,39E+00;2,12E+00;1,32E-01
16,23;1,96E+00;1,48E+00;2,10E+00;1,32E-01
16,26;2,02E+00;1,57E+00;2,09E+00;1,32E-01
16,30;2,08E+00;1,67E+00;2,07E+00;1,32E-01
16,34;2,15E+00;1,78E+00;2,06E+00;1,32E-01
16,38;2,21E+00;1,89E+00;2,06E+00;1,32E-01
16,42;2,29E+00;1,94E+00;2,04E+00;1,32E-01
16,46;2,35E+00;2,03E+00;2,04E+00;1,32E-01
16,50;2,42E+00;2,12E+00;2,03E+00;1,32E-01
16,54;2,49E+00;2,21E+00;2,02E+00;1,32E-01
16,58;2,56E+00;2,30E+00;2,02E+00;1,32E-01
16,61;2,63E+00;2,40E+00;1,99E+00;1,32E-01
16,65;2,70E+00;2,50E+00;2,00E+00;1,32E-01
16,69;2,78E+00;2,60E+00;2,00E+00;1,32E-01
16,73;2,85E+00;2,65E+00;2,00E+00;1,32E-01
16,77;2,93E+00;2,70E+00;1,99E+00;1,32E-01
16,81;3,00E+00;2,73E+00;1,99E+00;1,32E-01
16,85;3,08E+00;2,78E+00;1,98E+00;1,27E-01
16,89;3,15E+00;2,81E+00;1,98E+00;1,29E-01
16,93;3,23E+00;2,86E+00;1,98E+00;1,29E-01
16,96;3,30E+00;2,90E+00;1,98E+00;1,29E-01
17,00;3,38E+00;2,94E+00;1,99E+00;1,29E-01
17,04;3,45E+00;2,99E+00;1,99E+00;1,29E-01
17,08;3,53E+00;3,04E+00;1,99E+00;1,29E-01
17,12;3,62E+00;3,08E+00;1,99E+00;1,29E-01
17,16;3,69E+00;3,14E+00;1,99E+00;1,29E-01
17,20;3,79E+00;3,19E+00;2,00E+00;1,29E-01
17,24;3,89E+00;3,26E+00;2,00E+00;1,27E-01
17,28;4,00E+00;3,37E+00;2,01E+00;1,29E-01
17,31;4,11E+00;3,48E+00;2,00E+00;1,29E-01
17,35;4,22E+00;3,59E+00;2,01E+00;1,27E-01
17,39;4,33E+00;3,71E+00;2,01E+00;1,27E-01
17,43;4,44E+00;3,84E+00;2,01E+00;1,25E-01
17,47;4,55E+00;3,96E+00;2,02E+00;1,27E-01
17,51;4,63E+00;4,11E+00;2,02E+00;1,27E-01
17,55;4,74E+00;4,26E+00;2,02E+00;1,27E-01
17,59;4,83E+00;4,41E+00;2,02E+00;1,27E-01
17,63;4,91E+00;4,56E+00;2,03E+00;1,27E-01
17,66;5,00E+00;4,72E+00;2,03E+00;1,27E-01
17,70;5,09E+00;4,88E+00;2,03E+00;1,27E-01
17,74;5,18E+00;5,05E+00;2,04E+00;1,27E-01
17,78;5,25E+00;5,22E+00;2,04E+00;1,27E-01
17,82;5,33E+00;5,38E+00;2,04E+00;1,27E-01
17,86;5,40E+00;5,54E+00;2,05E+00;1,27E-01
17,90;5,47E+00;5,72E+00;2,05E+00;1,27E-01
17,94;5,54E+00;5,89E+00;2,06E+00;1,25E-01
17,98;5,60E+00;6,06E+00;2,06E+00;1,25E-01
18,01;5,65E+00;6,23E+00;2,06E+00;1,25E-01
18,05;5,71E+00;6,40E+00;2,07E+00;1,25E-01
18,09;5,76E+00;6,57E+00;2,07E+00;1,27E-01
18,13;5,79E+00;6,73E+00;2,07E+00;1,27E-01
18,17;5,85E+00;6,89E+00;2,09E+00;1,27E-01
18,21;5,88E+00;7,06E+00;2,08E+00;1,27E-01
18,25;5,91E+00;7,23E+00;2,09E+00;1,27E-01
18,29;5,94E+00;7,45E+00;2,10E+00;1,25E-01
18,33;5,98E+00;7,65E+00;2,10E+00;1,27E-01
18,36;6,00E+00;7,83E+00;2,11E+00;1,27E-01
18,40;6,01E+00;8,01E+00;2,11E+00;1,27E-01
18,44;6,03E+00;8,19E+00;2,12E+00;1,27E-01
18,48;6,06E+00;8,34E+00;2,13E+00;1,27E-01
18,52;6,07E+00;8,50E+00;2,13E+00;1,27E-01
18,56;6,09E+00;8,66E+00;2,14E+00;1,27E-01
18,60;6,11E+00;8,81E+00;2,14E+00;1,29E-01
18,64;6,12E+00;8,94E+00;2,15E+00;1,27E-01
18,68;6,13E+00;9,07E+00;2,15E+00;1,29E-01
18,71;6,14E+00;9,19E+00;2,15E+00;1,29E-01
18,75;6,16E+00;9,29E+00;2,16E+00;1,29E-01
18,79;6,19E+00;9,38E+00;2,17E+00;1,29E-01
18,83;6,21E+00;9,47E+00;2,18E+00;1,27E-01
18,87;6,22E+00;9,54E+00;2,18E+00;1,29E-01
18,91;6,24E+00;9,60E+00;2,19E+00;1,32E-01
18,95;6,26E+00;9,65E+00;2,20E+00;1,29E-01
18,99;6,27E+00;9,70E+00;2,21E+00;1,32E-01
19,03;6,29E+00;9,73E+00;2,21E+00;1,29E-01
19,06;6,30E+00;9,77E+00;2,22E+00;1,32E-01
19,10;6,32E+00;9,79E+00;2,23E+00;1,32E-01
19,14;6,34E+00;9,79E+00;2,24E+00;1,32E-01
19,18;6,36E+00;9,81E+00;2,24E+00;1,34E-01
19,22;6,39E+00;9,82E+00;2,26E+00;1,34E-01
19,26;6,41E+00;9,84E+00;2,26E+00;1,36E-01
19,30;6,43E+00;9,85E+00;2,28E+00;1,36E-01
19,34;6,45E+00;9,86E+00;2,29E+00;1,39E-01
19,38;6,47E+00;9,85E+00;2,30E+00;1,41E-01
19,41;6,50E+00;9,86E+00;2,31E+00;1,41E-01
19,45;6,51E+00;9,86E+00;2,32E+00;1,41E-01
19,49;6,52E+00;9,88E+00;2,32E+00;1,46E-01
19,53;6,55E+00;9,88E+00;2,33E+00;1,46E-01
19,57;6,57E+00;9,89E+00;2,34E+00;1,46E-01
19,61;6,58E+00;9,89E+00;2,35E+00;1,46E-01
19,65;6,61E+00;9,90E+00;2,37E+00;1,48E-01
19,69;6,63E+00;9,90E+00;2,38E+00;1,50E-01
19,73;6,65E+00;9,92E+00;2,39E+00;1,50E-01
19,76;6,67E+00;9,92E+00;2,40E+00;1,53E-01
19,80;6,70E+00;9,92E+00;2,42E+00;1,55E-01
19,84;6,72E+00;9,93E+00;2,43E+00;1,57E-01
19,88;6,74E+00;9,94E+00;2,44E+00;1,60E-01
19,92;6,76E+00;9,94E+00;2,45E+00;1,64E-01
19,96;6,79E+00;9,95E+00;2,46E+00;1,67E-01
20,00;6,80E+00;9,95E+00;2,48E+00;1,67E-01
20,04;6,83E+00;9,95E+00;2,49E+00;1,74E-01
20,08;6,86E+00;9,97E+00;2,51E+00;1,74E-01
20,11;6,88E+00;9,97E+00;2,53E+00;1,81E-01
20,15;6,90E+00;9,98E+00;2,54E+00;1,83E-01
20,19;6,93E+00;9,99E+00;2,56E+00;1,88E-01
20,23;6,95E+00;9,99E+00;2,56E+00;1,90E-01
20,27;6,97E+00;9,99E+00;2,58E+00;1,95E-01
20,31;7,00E+00;1,00E+01;2,59E+00;2,02E-01
20,35;7,01E+00;1,00E+01;2,61E+00;2,04E-01
20,39;7,04E+00;1,00E+01;2,63E+00;2,11E-01
20,43;7,07E+00;1,00E+01;2,65E+00;2,16E-01
20,46;7,09E+00;1,00E+01;2,67E+00;2,23E-01
20,50;7,12E+00;1,01E+01;2,69E+00;2,30E-01
20,54;7,15E+00;1,00E+01;2,70E+00;2,34E-01
20,58;7,17E+00;1,01E+01;2,72E+00;2,44E-01
20,62;7,20E+00;1,01E+01;2,74E+00;2,51E-01
20,66;7,22E+00;1,01E+01;2,75E+00;2,58E-01
20,70;7,24E+00;1,01E+01;2,78E+00;2,67E-01
20,74;7,28E+00;1,01E+01;2,80E+00;2,76E-01
20,78;7,30E+00;1,01E+01;2,81E+00;2,83E-01
20,81;7,32E+00;1,01E+01;2,84E+00;2,92E-01
20,85;7,35E+00;1,01E+01;2,86E+00;3,04E-01
20,89;7,38E+00;1,01E+01;2,87E+00;3,13E-01
20,93;7,40E+00;1,01E+01;2,90E+00;3,23E-01
20,97;7,43E+00;1,02E+01;2,92E+00;3,34E-01
21,01;7,45E+00;1,02E+01;2,93E+00;3,48E-01
21,05;7,48E+00;1,02E+01;2,95E+00;3,55E-01
21,09;7,51E+00;1,02E+01;2,97E+00;3,67E-01
21,13;7,57E+00;1,02E+01;2,99E+00;3,79E-01
21,16;7,59E+00;1,02E+01;3,00E+00;3,90E-01
21,20;7,64E+00;1,02E+01;3,02E+00;4,04E-01
21,24;7,68E+00;1,02E+01;3,04E+00;4,16E-01
21,28;7,71E+00;1,02E+01;3,06E+00;4,32E-01
21,32;7,74E+00;1,02E+01;3,07E+00;4,42E-01
21,36;7,79E+00;1,02E+01;3,09E+00;4,56E-01
21,40;7,82E+00;1,03E+01;3,11E+00;4,70E-01
21,44;7,86E+00;1,03E+01;3,13E+00;4,84E-01
21,48;7,89E+00;1,03E+01;3,15E+00;4,98E-01
21,51;7,92E+00;1,03E+01;3,17E+00;5,12E-01
21,55;7,97E+00;1,03E+01;3,18E+00;5,26E-01
21,59;8,00E+00;1,03E+01;3,20E+00;5,40E-01
21,63;8,05E+00;1,03E+01;3,22E+00;5,54E-01
21,67;8,08E+00;1,03E+01;3,23E+00;5,82E-01
21,71;8,12E+00;1,04E+01;3,25E+00;6,23E-01
21,75;8,16E+00;1,04E+01;3,27E+00;6,58E-01
21,79;8,19E+00;1,04E+01;3,28E+00;6,88E-01
21,83;8,23E+00;1,04E+01;3,30E+00;7,24E-01
21,86;8,26E+00;1,04E+01;3,31E+00;7,59E-01
21,90;8,31E+00;1,04E+01;3,30E+00;8,25E-01
21,94;8,37E+00;1,04E+01;3,28E+00;8,71E-01
21,98;8,40E+00;1,04E+01;3,27E+00;9,27E-01
22,02;8,43E+00;1,04E+01;3,25E+00;9,78E-01
22,06;8,47E+00;1,05E+01;3,24E+00;1,02E+00
22,10;8,51E+00;1,05E+01;3,24E+00;1,07E+00
22,14;8,56E+00;1,05E+01;3,23E+00;1,10E+00
22,18;8,60E+00;1,05E+01;3,22E+00;1,14E+00
22,21;8,65E+00;1,05E+01;3,22E+00;1,19E+00
22,25;8,68E+00;1,05E+01;3,22E+00;1,23E+00
22,29;8,72E+00;1,05E+01;3,21E+00;1,27E+00
22,33;8,78E+00;1,05E+01;3,21E+00;1,30E+00
22,37;8,82E+00;1,05E+01;3,21E+00;1,34E+00
22,41;8,86E+00;1,05E+01;3,21E+00;1,37E+00
22,45;8,90E+00;1,05E+01;3,21E+00;1,41E+00
22,49;8,94E+00;1,05E+01;3,20E+00;1,44E+00
22,53;8,99E+00;1,06E+01;3,21E+00;1,47E+00
22,56;9,04E+00;1,06E+01;3,21E+00;1,51E+00
22,60;9,06E+00;1,06E+01;3,20E+00;1,54E+00
22,64;9,11E+00;1,06E+01;3,20E+00;1,57E+00
22,68;9,15E+00;1,06E+01;3,20E+00;1,60E+00
22,72;9,19E+00;1,06E+01;3,21E+00;1,63E+00
22,76;9,22E+00;1,06E+01;3,21E+00;1,65E+00
22,80;9,27E+00;1,06E+01;3,21E+00;1,69E+00
22,84;9,31E+00;1,06E+01;3,21E+00;1,72E+00
22,88;9,36E+00;1,06E+01;3,21E+00;1,77E+00
22,91;9,41E+00;1,06E+01;3,22E+00;1,79E+00
22,95;9,45E+00;1,06E+01;3,21E+00;1,81E+00
22,99;9,48E+00;1,06E+01;3,21E+00;1,83E+00
23,03;9,52E+00;1,07E+01;3,21E+00;1,84E+00
23,07;9,56E+00;1,07E+01;3,21E+00;1,85E+00
23,11;9,60E+00;1,07E+01;3,28E+00;1,87E+00
23,15;9,63E+00;1,07E+01;3,25E+00;1,88E+00
23,19;9,67E+00;1,07E+01;3,25E+00;1,90E+00
23,23;9,70E+00;1,07E+01;3,25E+00;1,91E+00
23,26;9,73E+00;1,07E+01;3,26E+00;1,93E+00
23,30;9,75E+00;1,07E+01;3,27E+00;1,94E+00
23,34;9,76E+00;1,07E+01;3,27E+00;1,96E+00
23,38;9,77E+00;1,07E+01;3,29E+00;1,97E+00
23,42;9,78E+00;1,07E+01;3,29E+00;1,99E+00
23,46;9,78E+00;1,07E+01;3,29E+00;2,01E+00
23,50;9,79E+00;1,07E+01;3,30E+00;2,02E+00
23,54;9,79E+00;1,07E+01;3,31E+00;2,03E+00
23,58;9,80E+00;1,07E+01;3,31E+00;2,05E+00
23,61;9,80E+00;1,07E+01;3,32E+00;2,07E+00
23,65;9,81E+00;1,07E+01;3,33E+00;2,08E+00
23,69;9,81E+00;1,07E+01;3,34E+00;2,09E+00
23,73;9,83E+00;1,08E+01;3,35E+00;2,11E+00
23,77;9,83E+00;1,08E+01;3,36E+00;2,12E+00
23,81;9,83E+00;1,08E+01;3,37E+00;2,14E+00
23,85;9,83E+00;1,08E+01;3,37E+00;2,15E+00
23,89;9,85E+00;1,08E+01;3,38E+00;2,17E+00
23,93;9,85E+00;1,08E+01;3,39E+00;2,18E+00
23,96;9,86E+00;1,08E+01;3,40E+00;2,20E+00
24,00;9,86E+00;1,08E+01;3,41E+00;2,21E+00
24,04;9,86E+00;1,08E+01;3,41E+00;2,23E+00
24,08;9,87E+00;1,08E+01;3,42E+00;2,24E+00
24,12;9,87E+00;1,08E+01;3,43E+00;2,26E+00
24,16;9,88E+00;1,08E+01;3,43E+00;2,27E+00
24,20;9,89E+00;1,08E+01;3,46E+00;2,29E+00
24,24;9,89E+00;1,08E+01;3,46E+00;2,30E+00
24,28;9,90E+00;1,08E+01;3,47E+00;2,32E+00
24,31;9,90E+00;1,08E+01;3,48E+00;2,33E+00
24,35;9,91E+00;1,08E+01;3,49E+00;2,34E+00
24,39;9,91E+00;1,08E+01;3,50E+00;2,36E+00
24,43;9,92E+00;1,08E+01;3,51E+00;2,38E+00
24,47;9,93E+00;1,08E+01;3,51E+00;2,39E+00
24,51;9,94E+00;1,08E+01;3,52E+00;2,41E+00
24,55;9,95E+00;1,08E+01;3,52E+00;2,42E+00
24,59;9,96E+00;1,08E+01;3,53E+00;2,43E+00
24,63;9,96E+00;1,08E+01;3,54E+00;2,45E+00
24,66;9,97E+00;1,08E+01;3,55E+00;2,46E+00
24,70;9,98E+00;1,08E+01;3,55E+00;2,48E+00
24,74;9,99E+00;1,08E+01;3,55E+00;2,49E+00
24,78;1,00E+01;1,09E+01;3,56E+00;2,50E+00
24,82;1,00E+01;1,09E+01;3,56E+00;2,52E+00
24,86;1,00E+01;1,09E+01;3,57E+00;2,53E+00
24,90;1,00E+01;1,09E+01;3,58E+00;2,55E+00
24,94;1,00E+01;1,09E+01;3,59E+00;2,56E+00
24,98;1,01E+01;1,09E+01;3,59E+00;2,57E+00
25,01;1,01E+01;1,09E+01;3,60E+00;2,59E+00
25,05;1,01E+01;1,09E+01;3,60E+00;2,60E+00
25,09;1,01E+01;1,09E+01;3,61E+00;2,62E+00
25,13;1,01E+01;1,09E+01;3,61E+00;2,64E+00
25,17;1,01E+01;1,09E+01;3,61E+00;2,65E+00
25,21;1,01E+01;1,09E+01;3,62E+00;2,67E+00
25,25;1,01E+01;1,09E+01;3,62E+00;2,68E+00
25,29;1,01E+01;1,09E+01;3,62E+00;2,71E+00
25,33;1,01E+01;1,09E+01;3,63E+00;2,72E+00
25,36;1,02E+01;1,09E+01;3,63E+00;2,75E+00
25,40;1,02E+01;1,09E+01;3,63E+00;2,77E+00
25,44;1,02E+01;1,09E+01;3,64E+00;2,78E+00
25,48;1,02E+01;1,09E+01;3,64E+00;2,80E+00
25,52;1,02E+01;1,09E+01;3,65E+00;2,82E+00
25,56;1,02E+01;1,09E+01;3,65E+00;2,83E+00
25,60;1,02E+01;1,09E+01;3,65E+00;2,85E+00
25,64;1,02E+01;1,09E+01;3,66E+00;2,87E+00
25,68;1,03E+01;1,09E+01;3,66E+00;2,88E+00
25,71;1,03E+01;1,09E+01;3,66E+00;2,90E+00
25,75;1,03E+01;1,09E+01;3,67E+00;2,92E+00
25,79;1,03E+01;1,09E+01;3,67E+00;2,94E+00
25,83;1,03E+01;1,09E+01;3,67E+00;2,96E+00
25,87;1,03E+01;1,09E+01;3,68E+00;2,97E+00
25,91;1,03E+01;1,09E+01;3,68E+00;2,99E+00
25,95;1,04E+01;1,09E+01;3,68E+00;3,00E+00
25,99;1,04E+01;1,09E+01;3,69E+00;3,02E+00
26,03;1,04E+01;1,09E+01;3,69E+00;3,04E+00
26,06;1,04E+01;1,09E+01;3,69E+00;3,06E+00
26,10;1,04E+01;1,09E+01;3,70E+00;3,07E+00
26,14;1,04E+01;1,09E+01;3,70E+00;3,09E+00
26,18;1,04E+01;1,09E+01;3,71E+00;3,09E+00
26,22;1,04E+01;1,09E+01;3,71E+00;3,12E+00
26,26;1,05E+01;1,09E+01;3,71E+00;3,13E+00
26,30;1,05E+01;1,09E+01;3,71E+00;3,15E+00
26,34;1,05E+01;1,09E+01;3,72E+00;3,17E+00
26,38;1,05E+01;1,09E+01;3,72E+00;3,19E+00
26,41;1,05E+01;1,09E+01;3,72E+00;3,21E+00
26,45;1,05E+01;1,09E+01;3,72E+00;3,22E+00
26,49;1,05E+01;1,09E+01;3,73E+00;3,23E+00
26,53;1,05E+01;1,09E+01;3,73E+00;3,26E+00
26,57;1,06E+01;1,09E+01;3,73E+00;3,27E+00
26,61;1,06E+01;1,09E+01;3,74E+00;3,29E+00
26,65;1,06E+01;1,09E+01;3,74E+00;3,31E+00
26,69;1,06E+01;1,09E+01;3,74E+00;3,33E+00
26,73;1,06E+01;1,09E+01;3,74E+00;3,34E+00
26,76;1,06E+01;1,09E+01;3,75E+00;3,35E+00
26,80;1,06E+01;1,09E+01;3,75E+00;3,38E+00
26,84;1,06E+01;1,09E+01;3,75E+00;3,39E+00
26,88;1,06E+01;1,09E+01;3,76E+00;3,41E+00
26,92;1,06E+01;1,09E+01;3,76E+00;3,43E+00
27,04;1,07E+01;1,09E+01;3,76E+00;3,48E+00
27,08;1,07E+01;1,09E+01;3,74E+00;3,49E+00
27,12;1,07E+01;1,09E+01;3,74E+00;3,49E+00
27,16;1,07E+01;1,09E+01;3,74E+00;3,50E+00
27,20;1,07E+01;1,09E+01;3,76E+00;3,51E+00
27,24;1,07E+01;1,09E+01;3,76E+00;3,52E+00
27,27;1,07E+01;1,09E+01;3,76E+00;3,53E+00
27,31;1,08E+01;1,09E+01;3,76E+00;3,55E+00
27,35;1,08E+01;1,09E+01;3,77E+00;3,55E+00
27,39;1,08E+01;1,09E+01;3,77E+00;3,57E+00
27,43;1,08E+01;1,09E+01;3,77E+00;3,59E+00
27,47;1,08E+01;1,09E+01;3,77E+00;3,59E+00
27,51;1,08E+01;1,09E+01;3,78E+00;3,60E+00
27,55;1,08E+01;1,09E+01;3,79E+00;3,62E+00
27,59;1,08E+01;1,09E+01;3,79E+00;3,63E+00
27,62;1,08E+01;1,09E+01;3,79E+00;3,64E+00
27,66;1,08E+01;1,09E+01;3,79E+00;3,65E+00
27,70;1,08E+01;1,09E+01;3,79E+00;3,66E+00
27,74;1,09E+01;1,09E+01;3,80E+00;3,68E+00
27,78;1,09E+01;1,09E+01;3,80E+00;3,69E+00
27,82;1,09E+01;1,09E+01;3,81E+00;3,70E+00
27,86;1,09E+01;1,09E+01;3,81E+00;3,71E+00
27,90;1,09E+01;1,09E+01;3,81E+00;3,72E+00
27,94;1,09E+01;1,09E+01;3,82E+00;3,73E+00
27,97;1,09E+01;1,09E+01;3,82E+00;3,75E+00
28,01;1,09E+01;1,09E+01;3,82E+00;3,75E+00
28,05;1,09E+01;1,09E+01;3,82E+00;3,77E+00
28,09;1,09E+01;1,09E+01;3,83E+00;3,78E+00
28,13;1,09E+01;1,09E+01;3,83E+00;3,80E+00
28,17;1,10E+01;1,09E+01;3,84E+00;3,81E+00
28,21;1,10E+01;1,09E+01;3,84E+00;3,82E+00
28,25;1,10E+01;1,09E+01;3,85E+00;3,84E+00
28,29;1,10E+01;1,09E+01;3,85E+00;3,85E+00
28,32;1,10E+01;1,09E+01;3,85E+00;3,86E+00
28,36;1,10E+01;1,09E+01;3,86E+00;3,87E+00
28,40;1,10E+01;1,09E+01;3,86E+00;3,88E+00
28,44;1,10E+01;1,09E+01;3,86E+00;3,90E+00
28,48;1,10E+01;1,09E+01;3,86E+00;3,91E+00
28,52;1,10E+01;1,09E+01;3,87E+00;3,92E+00
28,56;1,10E+01;1,09E+01;3,87E+00;3,94E+00
28,60;1,10E+01;1,09E+01;3,87E+00;3,94E+00
28,64;1,10E+01;1,09E+01;3,88E+00;3,96E+00
28,67;1,11E+01;1,09E+01;3,88E+00;3,98E+00
28,71;1,11E+01;1,09E+01;3,88E+00;3,99E+00
28,75;1,11E+01;1,09E+01;3,89E+00;4,00E+00
28,79;1,11E+01;1,09E+01;3,89E+00;4,01E+00
28,83;1,11E+01;1,09E+01;3,89E+00;4,03E+00
28,87;1,11E+01;1,09E+01;3,90E+00;4,04E+00
28,91;1,11E+01;1,09E+01;3,90E+00;4,05E+00
28,95;1,11E+01;1,09E+01;3,90E+00;4,07E+00
28,99;1,11E+01;1,09E+01;3,91E+00;4,08E+00
29,02;1,11E+01;1,09E+01;3,91E+00;4,10E+00
29,06;1,11E+01;1,09E+01;3,92E+00;4,11E+00
29,10;1,11E+01;1,09E+01;3,92E+00;4,12E+00
29,14;1,11E+01;1,09E+01;3,92E+00;4,14E+00
29,18;1,11E+01;1,09E+01;3,93E+00;4,15E+00
29,22;1,11E+01;1,09E+01;3,93E+00;4,16E+00
29,26;1,11E+01;1,09E+01;3,93E+00;4,17E+00
29,30;1,12E+01;1,09E+01;3,94E+00;4,19E+00
29,34;1,12E+01;1,09E+01;3,94E+00;4,20E+00
29,37;1,12E+01;1,09E+01;3,94E+00;4,21E+00
29,41;1,12E+01;1,09E+01;3,95E+00;4,23E+00
29,45;1,12E+01;1,09E+01;3,95E+00;4,25E+00
29,49;1,12E+01;1,09E+01;3,95E+00;4,27E+00
29,53;1,12E+01;1,09E+01;3,96E+00;4,27E+00
29,57;1,12E+01;1,09E+01;3,96E+00;4,29E+00
29,61;1,12E+01;1,09E+01;3,96E+00;4,30E+00
29,65;1,12E+01;1,09E+01;3,97E+00;4,31E+00
29,69;1,12E+01;1,09E+01;3,96E+00;4,33E+00
29,72;1,12E+01;1,09E+01;3,97E+00;4,34E+00
29,76;1,12E+01;1,09E+01;3,97E+00;4,36E+00
29,80;1,12E+01;1,09E+01;3,97E+00;4,37E+00
29,84;1,12E+01;1,09E+01;3,98E+00;4,40E+00
29,88;1,12E+01;1,09E+01;3,98E+00;4,45E+00
29,92;1,13E+01;1,09E+01;3,98E+00;4,44E+00
29,96;1,13E+01;1,09E+01;3,99E+00;4,44E+00
30,00;1,13E+01;1,09E+01;3,98E+00;4,46E+00
30,04;1,13E+01;1,09E+01;3,98E+00;4,46E+00
30,07;1,13E+01;1,09E+01;3,98E+00;4,46E+00
30,11;1,13E+01;1,09E+01;3,98E+00;4,48E+00
30,15;1,13E+01;1,09E+01;3,98E+00;4,49E+00
30,19;1,13E+01;1,09E+01;3,99E+00;4,50E+00
30,23;1,13E+01;1,09E+01;3,99E+00;4,51E+00
30,27;1,13E+01;1,09E+01;3,99E+00;4,52E+00
30,31;1,13E+01;1,09E+01;4,00E+00;4,54E+00
30,35;1,13E+01;1,09E+01;4,00E+00;4,55E+00
30,39;1,14E+01;1,09E+01;4,00E+00;4,57E+00
30,42;1,14E+01;1,09E+01;4,00E+00;4,59E+00
30,46;1,14E+01;1,09E+01;4,01E+00;4,60E+00
30,50;1,14E+01;1,09E+01;4,01E+00;4,62E+00
30,54;1,14E+01;1,09E+01;4,02E+00;4,63E+00
30,58;1,14E+01;1,09E+01;4,02E+00;4,65E+00
30,62;1,14E+01;1,09E+01;4,02E+00;4,67E+00
30,66;1,14E+01;1,09E+01;4,03E+00;4,68E+00
30,70;1,14E+01;1,09E+01;4,03E+00;4,70E+00
30,74;1,14E+01;1,09E+01;4,03E+00;4,71E+00
30,77;1,14E+01;1,09E+01;4,04E+00;4,73E+00
30,81;1,14E+01;1,09E+01;4,04E+00;4,74E+00
30,85;1,14E+01;1,09E+01;4,04E+00;4,76E+00
30,89;1,14E+01;1,09E+01;4,05E+00;4,77E+00
30,93;1,14E+01;1,09E+01;4,05E+00;4,78E+00
30,97;1,14E+01;1,09E+01;4,04E+00;4,80E+00
31,01;1,14E+01;1,09E+01;4,04E+00;4,80E+00
31,05;1,15E+01;1,09E+01;4,04E+00;4,82E+00
31,09;1,15E+01;1,09E+01;4,05E+00;4,83E+00
31,12;1,15E+01;1,09E+01;4,05E+00;4,84E+00
31,16;1,15E+01;1,09E+01;4,05E+00;4,86E+00
31,20;1,15E+01;1,09E+01;4,06E+00;4,87E+00
31,24;1,15E+01;1,09E+01;4,06E+00;4,89E+00
31,28;1,15E+01;1,09E+01;4,06E+00;4,90E+00
31,32;1,15E+01;1,09E+01;4,07E+00;4,91E+00
31,36;1,15E+01;1,09E+01;4,07E+00;4,93E+00
31,40;1,15E+01;1,09E+01;4,07E+00;4,95E+00
31,44;1,15E+01;1,09E+01;4,07E+00;4,96E+00
31,47;1,15E+01;1,09E+01;4,08E+00;4,98E+00
31,51;1,15E+01;1,09E+01;4,08E+00;4,99E+00
31,55;1,16E+01;1,09E+01;4,09E+00;5,01E+00
31,59;1,16E+01;1,09E+01;4,09E+00;5,02E+00
31,63;1,16E+01;1,09E+01;4,09E+00;5,04E+00
31,67;1,16E+01;1,09E+01;4,09E+00;5,06E+00
31,71;1,16E+01;1,09E+01;4,10E+00;5,07E+00
31,75;1,16E+01;1,09E+01;4,10E+00;5,10E+00
31,79;1,16E+01;1,09E+01;4,10E+00;5,12E+00
31,82;1,16E+01;1,09E+01;4,10E+00;5,13E+00
31,86;1,16E+01;1,09E+01;4,11E+00;5,15E+00
31,90;1,16E+01;1,09E+01;4,11E+00;5,17E+00
31,94;1,16E+01;1,09E+01;4,11E+00;5,18E+00
31,98;1,16E+01;1,09E+01;4,11E+00;5,21E+00
32,02;1,16E+01;1,09E+01;4,12E+00;5,22E+00
32,06;1,16E+01;1,09E+01;4,12E+00;5,24E+00
32,10;1,16E+01;1,09E+01;4,12E+00;5,26E+00
32,14;1,17E+01;1,09E+01;4,12E+00;5,28E+00
32,17;1,17E+01;1,09E+01;4,13E+00;5,29E+00
32,21;1,17E+01;1,09E+01;4,13E+00;5,31E+00
32,25;1,17E+01;1,09E+01;4,13E+00;5,32E+00
32,29;1,17E+01;1,09E+01;4,14E+00;5,34E+00
32,33;1,17E+01;1,09E+01;4,14E+00;5,33E+00
32,37;1,17E+01;1,09E+01;4,14E+00;5,35E+00
32,41;1,17E+01;1,09E+01;4,14E+00;5,37E+00
32,45;1,17E+01;1,09E+01;4,14E+00;5,38E+00
32,49;1,17E+01;1,09E+01;4,15E+00;5,40E+00
32,52;1,17E+01;1,09E+01;4,15E+00;5,42E+00
32,56;1,17E+01;1,09E+01;4,16E+00;5,45E+00
32,60;1,17E+01;1,09E+01;4,16E+00;5,47E+00
32,64;1,17E+01;1,09E+01;4,16E+00;5,48E+00
32,68;1,18E+01;1,09E+01;4,17E+00;5,51E+00
32,72;1,18E+01;1,09E+01;4,17E+00;5,53E+00
32,76;1,18E+01;1,09E+01;4,17E+00;5,55E+00
32,80;1,18E+01;1,09E+01;4,17E+00;5,57E+00
32,84;1,18E+01;1,09E+01;4,17E+00;5,59E+00
32,87;1,18E+01;1,09E+01;4,18E+00;5,61E+00
32,91;1,18E+01;1,09E+01;4,18E+00;5,63E+00
32,95;1,18E+01;1,09E+01;4,18E+00;5,65E+00
32,99;1,18E+01;1,09E+01;4,18E+00;5,68E+00
33,03;1,18E+01;1,09E+01;4,19E+00;5,70E+00
33,07;1,18E+01;1,09E+01;4,19E+00;5,72E+00
33,11;1,18E+01;1,09E+01;4,19E+00;5,74E+00
33,15;1,18E+01;1,09E+01;4,19E+00;5,76E+00
33,19;1,18E+01;1,09E+01;4,19E+00;5,78E+00
33,22;1,19E+01;1,09E+01;4,20E+00;5,79E+00
33,26;1,19E+01;1,09E+01;4,20E+00;5,79E+00
33,30;1,19E+01;1,09E+01;4,20E+00;5,79E+00
33,34;1,19E+01;1,09E+01;4,20E+00;5,79E+00
33,38;1,19E+01;1,09E+01;4,20E+00;5,80E+00
33,42;1,19E+01;1,09E+01;4,21E+00;5,80E+00
33,46;1,19E+01;1,09E+01;4,21E+00;5,81E+00
33,50;1,19E+01;1,09E+01;4,21E+00;5,81E+00
33,54;1,19E+01;1,09E+01;4,22E+00;5,82E+00
33,57;1,19E+01;1,09E+01;4,21E+00;5,82E+00
33,61;1,20E+01;1,09E+01;4,22E+00;5,83E+00
33,65;1,20E+01;1,09E+01;4,22E+00;5,84E+00
33,69;1,20E+01;1,09E+01;4,22E+00;5,84E+00
33,73;1,20E+01;1,09E+01;4,22E+00;5,84E+00
33,77;1,20E+01;1,09E+01;4,23E+00;5,85E+00
33,81;1,20E+01;1,09E+01;4,23E+00;5,86E+00
33,85;1,20E+01;1,09E+01;4,23E+00;5,86E+00
33,89;1,20E+01;1,09E+01;4,23E+00;5,86E+00
33,92;1,20E+01;1,09E+01;4,23E+00;5,87E+00
33,96;1,20E+01;1,09E+01;4,24E+00;5,88E+00
34,00;1,21E+01;1,09E+01;4,24E+00;5,88E+00
34,04;1,21E+01;1,09E+01;4,24E+00;5,88E+00
34,08;1,21E+01;1,09E+01;4,24E+00;5,88E+00
34,12;1,21E+01;1,09E+01;4,24E+00;5,89E+00
34,16;1,21E+01;1,09E+01;4,24E+00;5,90E+00
34,20;1,21E+01;1,09E+01;4,25E+00;5,90E+00
34,24;1,21E+01;1,09E+01;4,25E+00;5,90E+00
34,27;1,21E+01;1,09E+01;4,25E+00;5,90E+00
34,31;1,22E+01;1,09E+01;4,25E+00;5,90E+00
34,35;1,22E+01;1,09E+01;4,25E+00;5,91E+00
34,39;1,22E+01;1,09E+01;4,25E+00;5,92E+00
34,43;1,22E+01;1,09E+01;4,26E+00;5,92E+00
34,47;1,22E+01;1,09E+01;4,25E+00;5,93E+00
34,51;1,22E+01;1,09E+01;4,26E+00;5,93E+00
34,55;1,22E+01;1,09E+01;4,26E+00;5,93E+00
34,59;1,22E+01;1,09E+01;4,26E+00;5,93E+00
34,62;1,23E+01;1,09E+01;4,26E+00;5,95E+00
34,66;1,23E+01;1,09E+01;4,26E+00;5,95E+00
34,70;1,23E+01;1,09E+01;4,26E+00;5,95E+00
34,74;1,23E+01;1,09E+01;4,27E+00;5,95E+00
34,78;1,23E+01;1,09E+01;4,27E+00;5,96E+00
34,82;1,23E+01;1,09E+01;4,27E+00;5,96E+00
34,86;1,23E+01;1,09E+01;4,27E+00;5,97E+00
34,90;1,23E+01;1,09E+01;4,27E+00;5,97E+00
34,94;1,24E+01;1,09E+01;4,27E+00;5,97E+00
34,97;1,24E+01;1,09E+01;4,27E+00;5,97E+00
35,01;1,24E+01;1,09E+01;4,27E+00;5,98E+00
35,05;1,24E+01;1,09E+01;4,28E+00;5,99E+00
35,09;1,24E+01;1,09E+01;4,28E+00;5,99E+00
35,13;1,25E+01;1,09E+01;4,28E+00;6,00E+00
35,17;1,25E+01;1,09E+01;4,28E+00;6,00E+00
35,21;1,25E+01;1,09E+01;4,29E+00;6,00E+00
35,25;1,25E+01;1,09E+01;4,28E+00;6,02E+00
35,29;1,25E+01;1,09E+01;4,29E+00;6,02E+00
35,32;1,25E+01;1,09E+01;4,29E+00;6,02E+00
35,36;1,25E+01;1,09E+01;4,29E+00;6,03E+00
35,40;1,26E+01;1,09E+01;4,29E+00;6,04E+00
35,44;1,26E+01;1,09E+01;4,29E+00;6,04E+00
35,48;1,26E+01;1,09E+01;4,30E+00;6,05E+00
35,52;1,26E+01;1,09E+01;4,30E+00;6,06E+00
35,56;1,26E+01;1,09E+01;4,30E+00;6,06E+00
35,60;1,27E+01;1,09E+01;4,30E+00;6,07E+00
35,64;1,27E+01;1,09E+01;4,30E+00;6,08E+00
35,67;1,27E+01;1,09E+01;4,30E+00;6,09E+00
35,71;1,27E+01;1,09E+01;4,30E+00;6,10E+00
35,75;1,27E+01;1,09E+01;4,30E+00;6,11E+00
35,79;1,28E+01;1,09E+01;4,30E+00;6,11E+00
35,83;1,28E+01;1,09E+01;4,31E+00;6,12E+00
35,87;1,28E+01;1,09E+01;4,31E+00;6,13E+00
35,91;1,28E+01;1,09E+01;4,31E+00;6,14E+00
35,95;1,28E+01;1,09E+01;4,31E+00;6,16E+00
35,99;1,29E+01;1,09E+01;4,31E+00;6,17E+00
36,02;1,29E+01;1,09E+01;4,32E+00;6,18E+00
36,06;1,29E+01;1,09E+01;4,32E+00;6,18E+00
36,10;1,29E+01;1,09E+01;4,32E+00;6,19E+00
36,14;1,30E+01;1,09E+01;4,32E+00;6,21E+00
36,18;1,30E+01;1,09E+01;4,32E+00;6,22E+00
36,22;1,30E+01;1,09E+01;4,32E+00;6,23E+00
36,26;1,30E+01;1,09E+01;4,32E+00;6,25E+00
36,30;1,30E+01;1,09E+01;4,32E+00;6,25E+00
36,34;1,31E+01;1,09E+01;4,33E+00;6,27E+00
36,37;1,31E+01;1,09E+01;4,32E+00;6,28E+00
36,41;1,31E+01;1,09E+01;4,33E+00;6,30E+00
36,45;1,31E+01;1,09E+01;4,33E+00;6,31E+00
36,49;1,32E+01;1,09E+01;4,33E+00;6,31E+00
36,53;1,32E+01;1,09E+01;4,33E+00;6,33E+00
36,57;1,32E+01;1,09E+01;4,33E+00;6,34E+00
36,61;1,32E+01;1,09E+01;4,33E+00;6,35E+00
36,65;1,33E+01;1,09E+01;4,33E+00;6,36E+00
36,69;1,33E+01;1,09E+01;4,33E+00;6,37E+00
36,72;1,33E+01;1,09E+01;4,33E+00;6,38E+00
36,76;1,33E+01;1,09E+01;4,34E+00;6,37E+00
36,80;1,33E+01;1,09E+01;4,34E+00;6,36E+00
36,84;1,34E+01;1,08E+01;4,34E+00;6,36E+00
36,88;1,34E+01;1,08E+01;4,34E+00;6,36E+00
36,92;1,34E+01;1,08E+01;4,34E+00;6,36E+00
36,96;1,34E+01;1,08E+01;4,34E+00;6,36E+00
37,00;1,34E+01;1,08E+01;4,34E+00;6,36E+00
37,04;1,34E+01;1,08E+01;4,34E+00;6,36E+00
37,07;1,35E+01;1,08E+01;4,35E+00;6,36E+00
37,11;1,35E+01;1,08E+01;4,35E+00;6,36E+00
37,15;1,35E+01;1,08E+01;4,35E+00;6,37E+00
37,19;1,35E+01;1,08E+01;4,35E+00;6,38E+00
37,23;1,35E+01;1,08E+01;4,35E+00;6,39E+00
37,27;1,35E+01;1,08E+01;4,35E+00;6,40E+00
37,31;1,36E+01;1,08E+01;4,35E+00;6,41E+00
37,35;1,36E+01;1,08E+01;4,35E+00;6,41E+00
37,39;1,36E+01;1,07E+01;4,35E+00;6,42E+00
37,42;1,36E+01;1,07E+01;4,35E+00;6,43E+00
37,46;1,36E+01;1,07E+01;4,35E+00;6,44E+00
37,50;1,36E+01;1,07E+01;4,35E+00;6,45E+00
37,54;1,37E+01;1,07E+01;4,35E+00;6,45E+00
37,58;1,37E+01;1,07E+01;4,35E+00;6,47E+00
37,62;1,37E+01;1,07E+01;4,35E+00;6,48E+00
37,66;1,37E+01;1,07E+01;4,36E+00;6,48E+00
37,70;1,37E+01;1,07E+01;4,35E+00;6,49E+00
37,74;1,37E+01;1,07E+01;4,36E+00;6,50E+00
37,77;1,38E+01;1,07E+01;4,35E+00;6,51E+00
37,81;1,38E+01;1,07E+01;4,36E+00;6,51E+00
37,85;1,38E+01;1,07E+01;4,36E+00;6,52E+00
37,89;1,38E+01;1,07E+01;4,36E+00;6,51E+00
37,93;1,38E+01;1,07E+01;4,36E+00;6,51E+00
37,97;1,38E+01;1,07E+01;4,35E+00;6,51E+00
38,01;1,38E+01;1,07E+01;4,35E+00;6,52E+00
38,05;1,38E+01;1,07E+01;4,36E+00;6,53E+00
38,09;1,39E+01;1,07E+01;4,35E+00;6,53E+00
38,12;1,39E+01;1,07E+01;4,35E+00;6,54E+00
38,16;1,39E+01;1,07E+01;4,36E+00;6,54E+00
38,20;1,39E+01;1,07E+01;4,36E+00;6,55E+00
38,24;1,39E+01;1,07E+01;4,36E+00;6,56E+00
38,28;1,39E+01;1,07E+01;4,36E+00;6,56E+00
38,32;1,39E+01;1,08E+01;4,35E+00;6,57E+00
38,36;1,39E+01;1,08E+01;4,36E+00;6,58E+00
38,40;1,39E+01;1,08E+01;4,36E+00;6,58E+00
38,44;1,39E+01;1,08E+01;4,36E+00;6,59E+00
38,47;1,40E+01;1,08E+01;4,36E+00;6,59E+00
38,51;1,40E+01;1,08E+01;4,36E+00;6,60E+00
38,55;1,40E+01;1,08E+01;4,36E+00;6,60E+00
38,59;1,40E+01;1,08E+01;4,36E+00;6,61E+00
38,63;1,40E+01;1,08E+01;4,37E+00;6,62E+00
38,67;1,40E+01;1,08E+01;4,37E+00;6,63E+00
38,71;1,40E+01;1,08E+01;4,36E+00;6,63E+00
38,75;1,40E+01;1,08E+01;4,36E+00;6,64E+00
38,79;1,40E+01;1,08E+01;4,37E+00;6,64E+00
38,82;1,41E+01;1,08E+01;4,37E+00;6,65E+00
38,86;1,41E+01;1,08E+01;4,37E+00;6,66E+00
38,90;1,41E+01;1,08E+01;4,37E+00;6,66E+00
38,94;1,41E+01;1,08E+01;4,37E+00;6,66E+00
38,98;1,41E+01;1,08E+01;4,37E+00;6,67E+00
39,02;1,41E+01;1,08E+01;4,37E+00;6,67E+00
39,06;1,41E+01;1,08E+01;4,37E+00;6,68E+00
39,10;1,41E+01;1,08E+01;4,37E+00;6,68E+00
39,14;1,41E+01;1,08E+01;4,37E+00;6,69E+00
39,17;1,41E+01;1,08E+01;4,37E+00;6,70E+00
39,21;1,41E+01;1,08E+01;4,37E+00;6,71E+00
39,25;1,41E+01;1,08E+01;4,38E+00;6,71E+00
39,29;1,41E+01;1,08E+01;4,37E+00;6,72E+00
39,33;1,41E+01;1,08E+01;4,38E+00;6,72E+00
39,37;1,41E+01;1,08E+01;4,38E+00;6,72E+00
39,41;1,41E+01;1,08E+01;4,37E+00;6,73E+00
39,45;1,41E+01;1,08E+01;4,37E+00;6,73E+00
39,49;1,41E+01;1,08E+01;4,38E+00;6,73E+00
39,52;1,42E+01;1,08E+01;4,38E+00;6,75E+00
39,56;1,42E+01;1,08E+01;4,37E+00;6,76E+00
39,60;1,42E+01;1,08E+01;4,37E+00;6,76E+00
39,64;1,42E+01;1,08E+01;4,38E+00;6,76E+00
39,68;1,42E+01;1,08E+01;4,37E+00;6,76E+00
39,72;1,42E+01;1,08E+01;4,37E+00;6,77E+00
39,76;1,42E+01;1,08E+01;4,38E+00;6,78E+00
39,80;1,42E+01;1,08E+01;4,38E+00;6,78E+00
39,84;1,42E+01;1,08E+01;4,38E+00;6,78E+00
39,87;1,42E+01;1,08E+01;4,38E+00;6,79E+00
39,91;1,42E+01;1,08E+01;4,38E+00;6,80E+00
39,95;1,42E+01;1,08E+01;4,38E+00;6,80E+00
39,99;1,42E+01;1,08E+01;4,38E+00;6,80E+00
40,03;1,42E+01;1,08E+01;4,38E+00;6,82E+00
40,07;1,42E+01;1,08E+01;4,38E+00;6,82E+00
40,11;1,42E+01;1,08E+01;4,38E+00;6,82E+00
40,15;1,42E+01;1,08E+01;4,38E+00;6,82E+00
40,19;1,42E+01;1,08E+01;4,38E+00;6,84E+00
40,22;1,42E+01;1,08E+01;4,38E+00;6,84E+00
40,26;1,42E+01;1,08E+01;4,38E+00;6,85E+00
40,30;1,42E+01;1,08E+01;4,38E+00;6,85E+00
40,34;1,42E+01;1,08E+01;4,39E+00;6,85E+00
40,38;1,42E+01;1,08E+01;4,38E+00;6,86E+00
40,42;1,42E+01;1,08E+01;4,38E+00;6,86E+00
40,46;1,42E+01;1,08E+01;4,38E+00;6,87E+00
40,50;1,42E+01;1,08E+01;4,38E+00;6,87E+00
40,54;1,42E+01;1,08E+01;4,38E+00;6,87E+00
40,57;1,42E+01;1,08E+01;4,38E+00;6,89E+00
40,61;1,42E+01;1,08E+01;4,38E+00;6,89E+00
40,65;1,42E+01;1,08E+01;4,39E+00;6,89E+00
40,69;1,42E+01;1,08E+01;4,38E+00;6,90E+00
40,73;1,42E+01;1,08E+01;4,38E+00;6,90E+00
40,77;1,42E+01;1,08E+01;4,39E+00;6,91E+00
40,81;1,42E+01;1,08E+01;4,38E+00;6,91E+00
40,85;1,42E+01;1,08E+01;4,38E+00;6,92E+00
40,89;1,42E+01;1,08E+01;4,39E+00;6,92E+00
40,92;1,42E+01;1,08E+01;4,39E+00;6,93E+00
40,96;1,42E+01;1,08E+01;4,38E+00;6,93E+00
41,00;1,42E+01;1,08E+01;4,39E+00;6,94E+00
41,04;1,42E+01;1,08E+01;4,39E+00;6,94E+00
43,19;1,42E+01;1,08E+01;4,39E+00;7,15E+00
43,23;1,42E+01;1,08E+01;4,29E+00;7,16E+00
43,27;1,42E+01;1,08E+01;4,21E+00;7,16E+00
43,31;1,42E+01;1,08E+01;4,21E+00;7,16E+00
43,35;1,42E+01;1,08E+01;4,21E+00;7,15E+00
43,39;1,42E+01;1,08E+01;4,21E+00;7,16E+00
43,43;1,42E+01;1,08E+01;4,21E+00;7,15E+00
43,47;1,42E+01;1,08E+01;4,21E+00;7,16E+00
43,51;1,42E+01;1,08E+01;4,21E+00;7,16E+00
43,54;1,42E+01;1,08E+01;4,21E+00;7,16E+00
43,58;1,42E+01;1,08E+01;4,21E+00;7,16E+00
43,62;1,42E+01;1,08E+01;4,21E+00;7,16E+00
43,66;1,42E+01;1,08E+01;4,21E+00;7,16E+00
43,70;1,42E+01;1,08E+01;4,21E+00;7,17E+00
43,74;1,42E+01;1,08E+01;4,21E+00;7,17E+00
43,78;1,42E+01;1,08E+01;4,21E+00;7,16E+00
43,82;1,42E+01;1,08E+01;4,21E+00;7,17E+00
43,86;1,42E+01;1,08E+01;4,22E+00;7,16E+00
43,89;1,42E+01;1,08E+01;4,21E+00;7,16E+00
43,93;1,42E+01;1,08E+01;4,21E+00;7,16E+00
43,97;1,42E+01;1,08E+01;4,21E+00;7,11E+00
44,01;1,42E+01;1,08E+01;4,21E+00;7,11E+00
44,05;1,42E+01;1,08E+01;4,20E+00;7,10E+00
44,09;1,42E+01;1,08E+01;4,20E+00;7,10E+00
44,13;1,42E+01;1,08E+01;4,18E+00;7,10E+00
44,17;1,42E+01;1,08E+01;4,18E+00;7,10E+00
44,21;1,42E+01;1,08E+01;4,17E+00;7,10E+00
44,24;1,42E+01;1,08E+01;4,17E+00;7,10E+00
44,28;1,42E+01;1,08E+01;4,16E+00;7,10E+00
44,32;1,42E+01;1,08E+01;4,16E+00;7,11E+00
44,36;1,42E+01;1,08E+01;4,15E+00;7,10E+00
44,40;1,42E+01;1,08E+01;4,16E+00;7,10E+00
44,44;1,42E+01;1,08E+01;4,15E+00;7,11E+00
44,48;1,42E+01;1,08E+01;4,15E+00;7,10E+00
44,52;1,42E+01;1,08E+01;4,15E+00;7,11E+00
44,56;1,42E+01;1,08E+01;4,14E+00;7,11E+00
44,59;1,42E+01;1,08E+01;4,14E+00;7,11E+00
44,63;1,42E+01;1,08E+01;4,14E+00;7,11E+00
44,67;1,42E+01;1,08E+01;4,14E+00;7,11E+00
44,71;1,42E+01;1,08E+01;4,14E+00;7,10E+00
44,75;1,42E+01;1,08E+01;4,14E+00;7,11E+00
44,79;1,42E+01;1,08E+01;4,14E+00;7,11E+00
44,83;1,42E+01;1,08E+01;4,14E+00;7,11E+00
44,87;1,42E+01;1,08E+01;4,15E+00;7,11E+00
44,91;1,42E+01;1,08E+01;4,15E+00;7,11E+00
44,94;1,42E+01;1,08E+01;4,15E+00;7,11E+00
44,98;1,42E+01;1,08E+01;4,15E+00;7,11E+00
45,02;1,42E+01;1,08E+01;4,15E+00;7,11E+00
45,06;1,42E+01;1,08E+01;4,15E+00;7,11E+00
45,10;1,42E+01;1,08E+01;4,15E+00;7,11E+00
45,14;1,42E+01;1,08E+01;4,15E+00;7,12E+00
45,18;1,43E+01;1,08E+01;4,15E+00;7,12E+00
45,22;1,43E+01;1,08E+01;4,16E+00;7,12E+00
45,26;1,43E+01;1,08E+01;4,16E+00;7,12E+00
45,29;1,43E+01;1,08E+01;4,16E+00;7,12E+00
45,33;1,43E+01;1,08E+01;4,16E+00;7,12E+00
45,37;1,43E+01;1,08E+01;4,16E+00;7,12E+00
45,41;1,43E+01;1,08E+01;4,16E+00;7,12E+00
45,45;1,43E+01;1,08E+01;4,16E+00;7,12E+00
45,49;1,43E+01;1,08E+01;4,16E+00;7,12E+00
45,53;1,43E+01;1,08E+01;4,16E+00;7,13E+00
45,57;1,43E+01;1,08E+01;4,16E+00;7,13E+00
45,61;1,43E+01;1,08E+01;4,16E+00;7,13E+00
45,64;1,43E+01;1,08E+01;4,16E+00;7,13E+00
45,68;1,43E+01;1,08E+01;4,16E+00;7,11E+00
45,72;1,43E+01;1,08E+01;4,16E+00;7,13E+00
45,76;1,43E+01;1,08E+01;4,16E+00;7,14E+00
45,80;1,43E+01;1,08E+01;4,16E+00;7,14E+00
45,84;1,43E+01;1,08E+01;4,16E+00;7,14E+00
45,88;1,43E+01;1,08E+01;4,16E+00;7,14E+00
45,92;1,43E+01;1,08E+01;4,16E+00;7,14E+00
45,96;1,43E+01;1,08E+01;4,17E+00;7,14E+00
45,99;1,43E+01;1,08E+01;4,17E+00;7,14E+00
46,03;1,43E+01;1,08E+01;4,17E+00;7,14E+00
46,07;1,43E+01;1,08E+01;4,16E+00;7,14E+00
46,11;1,43E+01;1,08E+01;4,16E+00;7,14E+00
46,15;1,43E+01;1,08E+01;4,17E+00;7,14E+00
46,19;1,43E+01;1,08E+01;4,16E+00;7,14E+00
46,23;1,43E+01;1,08E+01;4,17E+00;7,14E+00
46,27;1,43E+01;1,08E+01;4,18E+00;7,15E+00
46,31;1,43E+01;1,08E+01;4,16E+00;7,15E+00
46,34;1,43E+01;1,08E+01;4,18E+00;7,15E+00
46,38;1,43E+01;1,08E+01;4,18E+00;7,15E+00
46,42;1,43E+01;1,08E+01;4,17E+00;7,15E+00
46,46;1,43E+01;1,08E+01;4,17E+00;7,15E+00
46,50;1,43E+01;1,08E+01;4,18E+00;7,15E+00
46,54;1,43E+01;1,08E+01;4,17E+00;7,15E+00
46,58;1,43E+01;1,08E+01;4,18E+00;7,15E+00
46,62;1,43E+01;1,08E+01;4,17E+00;7,16E+00
46,66;1,43E+01;1,08E+01;4,17E+00;7,16E+00
46,69;1,43E+01;1,08E+01;4,17E+00;7,15E+00
46,73;1,43E+01;1,08E+01;4,18E+00;7,16E+00
46,77;1,43E+01;1,08E+01;4,18E+00;7,16E+00
46,81;1,43E+01;1,08E+01;4,17E+00;7,16E+00
46,85;1,43E+01;1,08E+01;4,18E+00;7,16E+00
46,89;1,43E+01;1,08E+01;4,18E+00;7,16E+00
46,93;1,43E+01;1,08E+01;4,18E+00;7,16E+00
46,97;1,43E+01;1,08E+01;4,18E+00;7,16E+00
47,01;1,43E+01;1,08E+01;4,18E+00;7,16E+00
47,04;1,43E+01;1,08E+01;4,18E+00;7,16E+00
47,08;1,43E+01;1,08E+01;4,18E+00;7,17E+00
47,12;1,43E+01;1,08E+01;4,18E+00;7,16E+00
47,16;1,43E+01;1,08E+01;4,18E+00;7,17E+00
47,20;1,43E+01;1,08E+01;4,18E+00;7,17E+00
47,24;1,43E+01;1,08E+01;4,18E+00;7,18E+00
47,28;1,43E+01;1,08E+01;4,18E+00;7,18E+00
47,32;1,43E+01;1,08E+01;4,18E+00;7,18E+00
47,36;1,43E+01;1,08E+01;4,18E+00;7,18E+00
47,39;1,43E+01;1,08E+01;4,18E+00;7,18E+00
47,43;1,43E+01;1,08E+01;4,18E+00;7,18E+00
47,47;1,43E+01;1,08E+01;4,18E+00;7,18E+00
47,51;1,43E+01;1,08E+01;4,18E+00;7,18E+00
47,55;1,43E+01;1,08E+01;4,18E+00;7,18E+00
47,59;1,43E+01;1,08E+01;4,18E+00;7,18E+00
47,63;1,43E+01;1,08E+01;4,18E+00;7,18E+00
47,67;1,43E+01;1,08E+01;4,18E+00;7,18E+00
47,71;1,43E+01;1,08E+01;4,19E+00;7,18E+00
47,74;1,43E+01;1,08E+01;4,18E+00;7,18E+00
47,78;1,43E+01;1,08E+01;4,18E+00;7,18E+00
47,82;1,43E+01;1,08E+01;4,19E+00;7,18E+00
47,86;1,43E+01;1,08E+01;4,18E+00;7,18E+00
47,90;1,43E+01;1,08E+01;4,18E+00;7,18E+00
47,94;1,43E+01;1,08E+01;4,19E+00;7,19E+00
47,98;1,43E+01;1,08E+01;4,19E+00;7,19E+00
48,02;1,43E+01;1,08E+01;4,19E+00;7,19E+00
48,06;1,43E+01;1,08E+01;4,19E+00;7,20E+00
48,09;1,43E+01;1,08E+01;4,19E+00;7,20E+00
48,13;1,43E+01;1,08E+01;4,19E+00;7,20E+00
48,17;1,43E+01;1,08E+01;4,19E+00;7,20E+00
48,21;1,43E+01;1,08E+01;4,19E+00;7,20E+00
48,25;1,43E+01;1,08E+01;4,19E+00;7,20E+00
48,29;1,43E+01;1,08E+01;4,19E+00;7,20E+00
48,33;1,43E+01;1,08E+01;4,19E+00;7,20E+00
48,37;1,43E+01;1,08E+01;4,19E+00;7,20E+00
48,41;1,43E+01;1,08E+01;4,19E+00;7,20E+00
48,44;1,43E+01;1,08E+01;4,19E+00;7,21E+00
48,48;1,43E+01;1,08E+01;4,19E+00;7,21E+00
48,52;1,43E+01;1,08E+01;4,19E+00;7,20E+00
48,56;1,43E+01;1,08E+01;4,19E+00;7,21E+00
48,60;1,43E+01;1,08E+01;4,19E+00;7,21E+00
48,64;1,43E+01;1,08E+01;4,19E+00;7,21E+00
48,68;1,43E+01;1,08E+01;4,20E+00;7,21E+00
48,72;1,43E+01;1,08E+01;4,20E+00;7,21E+00
48,76;1,43E+01;1,08E+01;4,20E+00;7,21E+00
48,79;1,43E+01;1,08E+01;4,20E+00;7,21E+00
48,83;1,43E+01;1,08E+01;4,19E+00;7,22E+00
48,87;1,43E+01;1,08E+01;4,20E+00;7,21E+00
48,91;1,43E+01;1,08E+01;4,20E+00;7,21E+00
48,95;1,43E+01;1,08E+01;4,20E+00;7,21E+00
48,99;1,43E+01;1,08E+01;4,20E+00;7,21E+00
49,03;1,43E+01;1,08E+01;4,20E+00;7,22E+00
49,07;1,43E+01;1,08E+01;4,20E+00;7,23E+00
49,11;1,43E+01;1,08E+01;4,20E+00;7,21E+00
49,14;1,43E+01;1,08E+01;4,20E+00;7,22E+00
49,18;1,43E+01;1,08E+01;4,20E+00;7,22E+00
49,22;1,43E+01;1,08E+01;4,20E+00;7,23E+00
49,26;1,43E+01;1,08E+01;4,20E+00;7,23E+00
49,30;1,43E+01;1,08E+01;4,20E+00;7,23E+00
49,34;1,43E+01;1,08E+01;4,20E+00;7,23E+00
49,38;1,43E+01;1,08E+01;4,20E+00;7,23E+00
49,42;1,43E+01;1,08E+01;4,20E+00;7,23E+00
49,46;1,43E+01;1,08E+01;4,20E+00;7,23E+00
49,49;1,43E+01;1,08E+01;4,20E+00;7,23E+00
49,53;1,43E+01;1,08E+01;4,20E+00;7,23E+00
49,57;1,43E+01;1,08E+01;4,20E+00;7,23E+00
49,61;1,43E+01;1,08E+01;4,20E+00;7,24E+00
49,65;1,43E+01;1,08E+01;4,20E+00;7,24E+00
49,69;1,43E+01;1,08E+01;4,20E+00;7,23E+00
49,73;1,43E+01;1,08E+01;4,20E+00;7,23E+00
49,77;1,43E+01;1,08E+01;4,20E+00;7,24E+00
49,81;1,43E+01;1,08E+01;4,20E+00;7,23E+00
49,84;1,43E+01;1,08E+01;4,20E+00;7,24E+00
49,88;1,43E+01;1,08E+01;4,20E+00;7,24E+00
49,92;1,43E+01;1,08E+01;4,20E+00;7,24E+00
49,96;1,43E+01;1,08E+01;4,20E+00;7,24E+00
50,00;1,43E+01;1,08E+01;4,20E+00;7,24E+00
50,04;1,43E+01;1,08E+01;4,20E+00;7,24E+00
50,08;1,43E+01;1,08E+01;4,20E+00;7,24E+00
50,12;1,43E+01;1,08E+01;4,20E+00;7,24E+00
50,16;1,43E+01;1,08E+01;4,20E+00;7,24E+00
50,19;1,43E+01;1,08E+01;4,20E+00;7,24E+00
50,23;1,43E+01;1,08E+01;4,20E+00;7,24E+00
50,27;1,43E+01;1,08E+01;4,20E+00;7,24E+00
50,31;1,43E+01;1,08E+01;4,20E+00;7,24E+00
50,35;1,43E+01;1,08E+01;4,20E+00;7,24E+00
50,39;1,43E+01;1,08E+01;4,20E+00;7,24E+00
50,43;1,43E+01;1,08E+01;4,20E+00;7,25E+00
50,47;1,43E+01;1,08E+01;4,20E+00;7,25E+00
50,51;1,43E+01;1,08E+01;4,20E+00;7,25E+00
50,54;1,43E+01;1,08E+01;4,20E+00;7,25E+00
50,58;1,43E+01;1,08E+01;4,20E+00;7,25E+00
50,62;1,43E+01;1,08E+01;4,21E+00;7,25E+00
50,66;1,43E+01;1,08E+01;4,20E+00;7,25E+00
50,70;1,43E+01;1,08E+01;4,20E+00;7,26E+00
50,74;1,43E+01;1,08E+01;4,20E+00;7,25E+00
50,78;1,43E+01;1,08E+01;4,20E+00;7,25E+00
50,82;1,43E+01;1,08E+01;4,21E+00;7,26E+00
50,86;1,43E+01;1,08E+01;4,21E+00;7,26E+00
50,89;1,43E+01;1,08E+01;4,21E+00;7,26E+00
50,93;1,43E+01;1,08E+01;4,21E+00;7,26E+00
50,97;1,43E+01;1,08E+01;4,21E+00;7,26E+00
51,01;1,43E+01;1,08E+01;4,21E+00;7,26E+00
51,05;1,44E+01;1,08E+01;4,21E+00;7,26E+00
51,09;1,44E+01;1,08E+01;4,21E+00;7,26E+00
51,13;1,44E+01;1,08E+01;4,21E+00;7,26E+00
51,17;1,44E+01;1,08E+01;4,21E+00;7,26E+00
51,21;1,44E+01;1,08E+01;4,21E+00;7,26E+00
51,24;1,44E+01;1,08E+01;4,21E+00;7,26E+00
51,28;1,44E+01;1,08E+01;4,21E+00;7,27E+00
51,32;1,44E+01;1,08E+01;4,21E+00;7,27E+00
51,36;1,44E+01;1,08E+01;4,21E+00;7,27E+00
51,40;1,44E+01;1,08E+01;4,21E+00;7,27E+00
51,44;1,44E+01;1,08E+01;4,21E+00;7,27E+00
51,48;1,44E+01;1,08E+01;4,21E+00;7,27E+00
51,52;1,44E+01;1,08E+01;4,21E+00;7,27E+00
51,56;1,44E+01;1,08E+01;4,21E+00;7,27E+00
51,59;1,44E+01;1,08E+01;4,21E+00;7,27E+00
51,63;1,44E+01;1,08E+01;4,21E+00;7,27E+00
51,67;1,44E+01;1,08E+01;4,21E+00;7,27E+00
51,71;1,44E+01;1,08E+01;4,22E+00;7,27E+00
51,75;1,44E+01;1,08E+01;4,22E+00;7,27E+00
51,79;1,44E+01;1,08E+01;4,22E+00;7,27E+00
51,83;1,44E+01;1,08E+01;4,23E+00;7,27E+00
51,87;1,44E+01;1,08E+01;4,23E+00;7,28E+00
51,91;1,44E+01;1,08E+01;4,22E+00;7,28E+00
51,94;1,44E+01;1,08E+01;4,23E+00;7,28E+00
51,98;1,44E+01;1,08E+01;4,23E+00;7,28E+00
52,02;1,44E+01;1,08E+01;4,23E+00;7,28E+00
52,06;1,44E+01;1,08E+01;4,23E+00;7,28E+00
52,10;1,44E+01;1,08E+01;4,23E+00;7,28E+00
52,14;1,44E+01;1,08E+01;4,23E+00;7,28E+00
52,18;1,44E+01;1,08E+01;4,23E+00;7,28E+00
52,22;1,44E+01;1,08E+01;4,23E+00;7,28E+00
52,26;1,44E+01;1,08E+01;4,23E+00;7,30E+00
52,29;1,44E+01;1,08E+01;4,23E+00;7,29E+00
52,33;1,44E+01;1,08E+01;4,23E+00;7,29E+00
52,37;1,44E+01;1,08E+01;4,23E+00;7,30E+00
52,41;1,44E+01;1,08E+01;4,23E+00;7,30E+00
52,45;1,44E+01;1,08E+01;4,23E+00;7,30E+00
52,49;1,44E+01;1,08E+01;4,23E+00;7,30E+00
52,53;1,44E+01;1,08E+01;4,23E+00;7,30E+00
52,57;1,44E+01;1,08E+01;4,23E+00;7,30E+00
52,61;1,44E+01;1,08E+01;4,23E+00;7,30E+00
52,64;1,44E+01;1,08E+01;4,23E+00;7,30E+00
52,68;1,44E+01;1,08E+01;4,23E+00;7,30E+00
52,72;1,44E+01;1,08E+01;4,23E+00;7,30E+00
52,76;1,44E+01;1,08E+01;4,23E+00;7,30E+00
52,80;1,44E+01;1,08E+01;4,23E+00;7,30E+00
52,84;1,44E+01;1,08E+01;4,23E+00;7,30E+00
52,88;1,44E+01;1,08E+01;4,24E+00;7,30E+00
52,92;1,44E+01;1,08E+01;4,24E+00;7,30E+00
52,96;1,44E+01;1,08E+01;4,23E+00;7,30E+00
52,99;1,44E+01;1,08E+01;4,24E+00;7,30E+00
53,03;1,44E+01;1,08E+01;4,24E+00;7,31E+00
53,07;1,44E+01;1,08E+01;4,24E+00;7,30E+00
53,11;1,44E+01;1,08E+01;4,24E+00;7,31E+00
53,15;1,44E+01;1,08E+01;4,24E+00;7,31E+00
53,19;1,44E+01;1,08E+01;4,24E+00;7,31E+00
53,23;1,44E+01;1,08E+01;4,24E+00;7,31E+00
53,27;1,44E+01;1,08E+01;4,24E+00;7,31E+00
53,31;1,44E+01;1,08E+01;4,24E+00;7,31E+00
53,34;1,44E+01;1,08E+01;4,24E+00;7,31E+00
53,38;1,44E+01;1,08E+01;4,24E+00;7,31E+00
53,42;1,44E+01;1,08E+01;4,24E+00;7,31E+00
53,46;1,44E+01;1,08E+01;4,24E+00;7,31E+00
53,50;1,44E+01;1,08E+01;4,24E+00;7,31E+00
53,54;1,44E+01;1,08E+01;4,24E+00;7,31E+00
53,58;1,44E+01;1,08E+01;4,24E+00;7,31E+00
53,62;1,44E+01;1,08E+01;4,24E+00;7,32E+00
53,66;1,44E+01;1,08E+01;4,24E+00;7,32E+00
53,69;1,44E+01;1,08E+01;4,24E+00;7,32E+00
53,73;1,44E+01;1,08E+01;4,24E+00;7,32E+00
53,77;1,44E+01;1,08E+01;4,24E+00;7,32E+00
53,81;1,44E+01;1,08E+01;4,24E+00;7,32E+00
53,85;1,44E+01;1,08E+01;4,24E+00;7,32E+00
53,89;1,44E+01;1,08E+01;4,25E+00;7,32E+00
53,93;1,44E+01;1,08E+01;4,25E+00;7,32E+00
53,97;1,44E+01;1,08E+01;4,25E+00;7,32E+00
54,01;1,44E+01;1,08E+01;4,25E+00;7,32E+00
54,04;1,44E+01;1,08E+01;4,25E+00;7,32E+00
54,08;1,44E+01;1,08E+01;4,25E+00;7,32E+00
54,12;1,44E+01;1,08E+01;4,25E+00;7,32E+00
54,16;1,44E+01;1,08E+01;4,25E+00;7,32E+00
54,20;1,44E+01;1,08E+01;4,25E+00;7,33E+00
54,24;1,44E+01;1,08E+01;4,25E+00;7,33E+00
54,28;1,44E+01;1,08E+01;4,25E+00;7,33E+00
54,32;1,44E+01;1,08E+01;4,25E+00;7,34E+00
54,36;1,44E+01;1,08E+01;4,25E+00;7,34E+00
54,39;1,44E+01;1,08E+01;4,25E+00;7,34E+00
54,43;1,44E+01;1,08E+01;4,25E+00;7,34E+00
54,47;1,44E+01;1,08E+01;4,25E+00;7,33E+00
54,51;1,44E+01;1,08E+01;4,25E+00;7,34E+00
54,55;1,44E+01;1,08E+01;4,25E+00;7,34E+00
54,59;1,44E+01;1,08E+01;4,25E+00;7,34E+00
54,63;1,44E+01;1,08E+01;4,25E+00;7,34E+00
54,67;1,44E+01;1,08E+01;4,25E+00;7,34E+00
54,71;1,44E+01;1,08E+01;4,25E+00;7,34E+00
54,74;1,44E+01;1,08E+01;4,25E+00;7,34E+00
54,78;1,44E+01;1,08E+01;4,25E+00;7,34E+00
54,82;1,44E+01;1,08E+01;4,25E+00;7,34E+00
54,86;1,44E+01;1,08E+01;4,25E+00;7,34E+00
54,90;1,44E+01;1,08E+01;4,26E+00;7,34E+00
54,94;1,44E+01;1,08E+01;4,26E+00;7,34E+00
54,98;1,44E+01;1,08E+01;4,26E+00;7,34E+00
55,02;1,44E+01;1,08E+01;4,26E+00;7,34E+00
55,06;1,44E+01;1,08E+01;4,26E+00;7,34E+00
55,09;1,44E+01;1,08E+01;4,26E+00;7,34E+00
55,13;1,44E+01;1,08E+01;4,26E+00;7,35E+00
55,17;1,44E+01;1,08E+01;4,26E+00;7,35E+00
55,21;1,44E+01;1,08E+01;4,26E+00;7,35E+00
55,25;1,44E+01;1,08E+01;4,26E+00;7,34E+00
55,29;1,44E+01;1,08E+01;4,26E+00;7,35E+00
55,33;1,44E+01;1,08E+01;4,26E+00;7,34E+00
55,37;1,44E+01;1,08E+01;4,26E+00;7,35E+00
55,41;1,44E+01;1,08E+01;4,27E+00;7,35E+00
55,44;1,44E+01;1,08E+01;4,27E+00;7,35E+00
55,48;1,44E+01;1,08E+01;4,27E+00;7,36E+00
55,52;1,44E+01;1,08E+01;4,27E+00;7,35E+00
55,56;1,44E+01;1,08E+01;4,26E+00;7,36E+00
55,60;1,44E+01;1,08E+01;4,26E+00;7,35E+00
55,64;1,44E+01;1,08E+01;4,27E+00;7,36E+00
55,68;1,44E+01;1,08E+01;4,27E+00;7,36E+00
55,72;1,44E+01;1,08E+01;4,27E+00;7,36E+00
55,76;1,44E+01;1,08E+01;4,27E+00;7,36E+00
55,79;1,44E+01;1,08E+01;4,27E+00;7,36E+00
55,83;1,44E+01;1,08E+01;4,27E+00;7,36E+00
55,87;1,44E+01;1,08E+01;4,27E+00;7,36E+00
55,91;1,44E+01;1,08E+01;4,27E+00;7,36E+00
55,95;1,44E+01;1,08E+01;4,27E+00;7,36E+00
55,99;1,44E+01;1,08E+01;4,27E+00;7,36E+00
56,03;1,44E+01;1,08E+01;4,27E+00;7,36E+00
56,07;1,44E+01;1,08E+01;4,27E+00;7,36E+00
56,11;1,44E+01;1,08E+01;4,27E+00;7,36E+00
56,14;1,44E+01;1,08E+01;4,27E+00;7,36E+00
56,18;1,44E+01;1,08E+01;4,27E+00;7,36E+00
56,22;1,44E+01;1,08E+01;4,27E+00;7,36E+00
56,26;1,44E+01;1,08E+01;4,27E+00;7,36E+00
56,30;1,44E+01;1,08E+01;4,27E+00;7,36E+00
56,34;1,44E+01;1,08E+01;4,27E+00;7,36E+00
56,38;1,44E+01;1,08E+01;4,27E+00;7,36E+00
56,42;1,44E+01;1,08E+01;4,27E+00;7,37E+00
56,46;1,44E+01;1,08E+01;4,27E+00;7,36E+00
56,49;1,44E+01;1,08E+01;4,27E+00;7,36E+00
56,53;1,44E+01;1,08E+01;4,27E+00;7,37E+00
56,57;1,44E+01;1,08E+01;4,27E+00;7,36E+00
56,61;1,44E+01;1,08E+01;4,27E+00;7,37E+00
56,65;1,44E+01;1,08E+01;4,27E+00;7,37E+00
56,69;1,44E+01;1,08E+01;4,27E+00;7,37E+00
56,73;1,44E+01;1,08E+01;4,27E+00;7,38E+00
56,77;1,44E+01;1,08E+01;4,27E+00;7,38E+00
56,81;1,44E+01;1,08E+01;4,28E+00;7,38E+00
56,84;1,44E+01;1,08E+01;4,27E+00;7,38E+00
56,88;1,44E+01;1,08E+01;4,27E+00;7,38E+00
56,92;1,44E+01;1,08E+01;4,27E+00;7,38E+00
56,96;1,44E+01;1,08E+01;4,27E+00;7,37E+00
57,00;1,44E+01;1,08E+01;4,28E+00;7,38E+00
57,04;1,44E+01;1,09E+01;4,28E+00;7,37E+00
57,08;1,44E+01;1,09E+01;4,28E+00;7,37E+00
57,12;1,44E+01;1,09E+01;4,28E+00;7,37E+00
57,16;1,44E+01;1,09E+01;4,28E+00;7,38E+00
57,19;1,44E+01;1,09E+01;4,28E+00;7,38E+00
58,74;1,44E+01;1,09E+01;4,28E+00;7,38E+00
58,77;1,44E+01;1,09E+01;4,28E+00;7,38E+00
58,81;1,44E+01;1,09E+01;4,28E+00;7,36E+00
58,85;1,44E+01;1,09E+01;4,28E+00;7,35E+00
58,89;1,44E+01;1,09E+01;4,28E+00;7,35E+00
58,93;1,44E+01;1,09E+01;4,28E+00;7,35E+00
58,97;1,44E+01;1,09E+01;4,28E+00;7,35E+00
59,01;1,44E+01;1,09E+01;4,28E+00;7,35E+00
59,05;1,44E+01;1,09E+01;4,28E+00;7,35E+00
59,09;1,44E+01;1,09E+01;4,28E+00;7,36E+00
59,12;1,44E+01;1,09E+01;4,28E+00;7,36E+00
59,16;1,44E+01;1,09E+01;4,28E+00;7,35E+00
59,20;1,44E+01;1,09E+01;4,28E+00;7,36E+00
59,24;1,44E+01;1,09E+01;4,28E+00;7,36E+00
59,28;1,44E+01;1,09E+01;4,28E+00;7,36E+00
59,32;1,44E+01;1,09E+01;4,28E+00;7,36E+00
59,36;1,44E+01;1,09E+01;4,28E+00;7,36E+00
59,40;1,44E+01;1,09E+01;4,28E+00;7,36E+00
59,44;1,44E+01;1,09E+01;4,28E+00;7,36E+00
59,47;1,44E+01;1,09E+01;4,28E+00;7,36E+00
59,51;1,44E+01;1,09E+01;4,28E+00;7,36E+00
59,55;1,44E+01;1,09E+01;4,28E+00;7,36E+00
59,59;1,44E+01;1,09E+01;4,28E+00;7,36E+00
59,63;1,44E+01;1,09E+01;4,28E+00;7,36E+00
59,67;1,44E+01;1,09E+01;4,28E+00;7,36E+00
59,71;1,44E+01;1,09E+01;4,28E+00;7,36E+00
59,75;1,44E+01;1,09E+01;4,28E+00;7,37E+00
59,79;1,44E+01;1,09E+01;4,28E+00;7,37E+00
59,82;1,44E+01;1,09E+01;4,28E+00;7,37E+00
59,86;1,44E+01;1,09E+01;4,28E+00;7,37E+00
59,90;1,44E+01;1,09E+01;4,28E+00;7,37E+00
59,94;1,44E+01;1,09E+01;4,28E+00;7,37E+00
59,98;1,44E+01;1,09E+01;4,28E+00;7,36E+00
60,02;1,44E+01;1,09E+01;4,29E+00;7,37E+00
60,06;1,44E+01;1,09E+01;4,29E+00;7,37E+00
60,10;1,44E+01;1,09E+01;4,29E+00;7,37E+00
60,14;1,44E+01;1,09E+01;4,29E+00;7,38E+00
60,17;1,44E+01;1,09E+01;4,29E+00;7,37E+00
60,21;1,44E+01;1,09E+01;4,29E+00;7,38E+00
60,25;1,44E+01;1,09E+01;4,29E+00;7,37E+00
60,29;1,44E+01;1,09E+01;4,29E+00;7,38E+00
60,33;1,44E+01;1,09E+01;4,29E+00;7,37E+00
60,37;1,44E+01;1,09E+01;4,29E+00;7,38E+00
60,41;1,44E+01;1,09E+01;4,29E+00;7,38E+00
60,45;1,44E+01;1,09E+01;4,29E+00;7,38E+00
60,49;1,44E+01;1,09E+01;4,29E+00;7,37E+00
60,52;1,44E+01;1,09E+01;4,29E+00;7,37E+00
60,56;1,44E+01;1,09E+01;4,29E+00;7,38E+00
60,60;1,44E+01;1,09E+01;4,29E+00;7,37E+00
60,64;1,44E+01;1,09E+01;4,29E+00;7,38E+00
60,68;1,44E+01;1,09E+01;4,29E+00;7,38E+00
60,72;1,44E+01;1,09E+01;4,29E+00;7,38E+00
60,76;1,44E+01;1,09E+01;4,29E+00;7,39E+00
60,80;1,44E+01;1,09E+01;4,29E+00;7,39E+00
60,84;1,44E+01;1,09E+01;4,29E+00;7,39E+00
60,87;1,44E+01;1,09E+01;4,29E+00;7,38E+00
60,91;1,44E+01;1,09E+01;4,29E+00;7,39E+00
60,95;1,44E+01;1,09E+01;4,29E+00;7,38E+00
60,99;1,44E+01;1,09E+01;4,29E+00;7,39E+00
61,03;1,44E+01;1,09E+01;4,29E+00;7,39E+00
61,07;1,44E+01;1,09E+01;4,29E+00;7,39E+00
61,11;1,44E+01;1,09E+01;4,29E+00;7,39E+00
61,15;1,44E+01;1,09E+01;4,29E+00;7,39E+00
61,19;1,44E+01;1,09E+01;4,29E+00;7,39E+00
61,22;1,44E+01;1,09E+01;4,29E+00;7,39E+00
61,26;1,44E+01;1,09E+01;4,29E+00;7,39E+00
61,30;1,44E+01;1,09E+01;4,29E+00;7,39E+00
61,34;1,44E+01;1,09E+01;4,29E+00;7,39E+00
61,38;1,44E+01;1,09E+01;4,29E+00;7,39E+00
61,42;1,44E+01;1,09E+01;4,29E+00;7,39E+00
61,46;1,44E+01;1,09E+01;4,29E+00;7,39E+00
61,50;1,44E+01;1,09E+01;4,29E+00;7,39E+00
61,54;1,44E+01;1,09E+01;4,29E+00;7,39E+00
61,57;1,44E+01;1,09E+01;4,30E+00;7,39E+00
61,61;1,44E+01;1,09E+01;4,30E+00;7,39E+00
61,65;1,44E+01;1,09E+01;4,30E+00;7,39E+00
61,69;1,44E+01;1,09E+01;4,30E+00;7,39E+00
61,73;1,44E+01;1,09E+01;4,30E+00;7,39E+00
61,77;1,44E+01;1,09E+01;4,29E+00;7,39E+00
61,81;1,44E+01;1,09E+01;4,30E+00;7,39E+00
61,85;1,44E+01;1,09E+01;4,30E+00;7,39E+00
61,89;1,44E+01;1,09E+01;4,30E+00;7,39E+00
61,92;1,44E+01;1,09E+01;4,30E+00;7,39E+00
61,96;1,44E+01;1,09E+01;4,30E+00;7,39E+00
62,00;1,44E+01;1,09E+01;4,30E+00;7,39E+00
62,04;1,44E+01;1,09E+01;4,30E+00;7,40E+00
62,08;1,44E+01;1,09E+01;4,30E+00;7,40E+00
62,12;1,44E+01;1,09E+01;4,30E+00;7,39E+00
62,16;1,44E+01;1,09E+01;4,30E+00;7,40E+00
62,20;1,44E+01;1,09E+01;4,30E+00;7,40E+00
62,24;1,44E+01;1,09E+01;4,30E+00;7,40E+00
62,27;1,44E+01;1,09E+01;4,30E+00;7,40E+00
62,31;1,44E+01;1,09E+01;4,30E+00;7,40E+00
62,35;1,44E+01;1,09E+01;4,30E+00;7,40E+00
62,39;1,45E+01;1,09E+01;4,30E+00;7,40E+00
62,43;1,45E+01;1,09E+01;4,30E+00;7,40E+00
62,47;1,44E+01;1,09E+01;4,30E+00;7,40E+00
62,51;1,44E+01;1,09E+01;4,30E+00;7,40E+00
62,55;1,45E+01;1,09E+01;4,30E+00;7,40E+00
62,59;1,45E+01;1,09E+01;4,30E+00;7,40E+00
62,62;1,45E+01;1,09E+01;4,30E+00;7,40E+00
62,66;1,45E+01;1,09E+01;4,30E+00;7,40E+00
62,70;1,45E+01;1,09E+01;4,30E+00;7,40E+00
62,74;1,45E+01;1,09E+01;4,30E+00;7,40E+00
62,78;1,45E+01;1,09E+01;4,30E+00;7,40E+00
62,82;1,45E+01;1,09E+01;4,30E+00;7,40E+00
62,86;1,45E+01;1,09E+01;4,30E+00;7,40E+00
62,90;1,45E+01;1,09E+01;4,30E+00;7,40E+00
62,94;1,45E+01;1,09E+01;4,30E+00;7,40E+00
62,97;1,45E+01;1,09E+01;4,30E+00;7,40E+00
63,01;1,45E+01;1,09E+01;4,30E+00;7,40E+00
63,05;1,45E+01;1,09E+01;4,30E+00;7,41E+00
63,09;1,45E+01;1,09E+01;4,30E+00;7,41E+00
63,13;1,45E+01;1,09E+01;4,30E+00;7,41E+00
63,17;1,45E+01;1,09E+01;4,31E+00;7,41E+00
63,21;1,45E+01;1,09E+01;4,31E+00;7,40E+00
63,25;1,45E+01;1,09E+01;4,31E+00;7,40E+00
63,29;1,45E+01;1,09E+01;4,30E+00;7,41E+00
63,32;1,45E+01;1,09E+01;4,31E+00;7,41E+00
63,36;1,45E+01;1,09E+01;4,31E+00;7,41E+00
63,40;1,45E+01;1,09E+01;4,31E+00;7,41E+00
63,44;1,45E+01;1,09E+01;4,31E+00;7,41E+00
63,48;1,45E+01;1,09E+01;4,31E+00;7,41E+00
63,52;1,45E+01;1,09E+01;4,31E+00;7,41E+00
63,56;1,45E+01;1,09E+01;4,31E+00;7,41E+00
63,60;1,45E+01;1,09E+01;4,31E+00;7,41E+00
63,64;1,45E+01;1,09E+01;4,31E+00;7,41E+00
63,67;1,45E+01;1,09E+01;4,31E+00;7,41E+00
63,71;1,45E+01;1,09E+01;4,31E+00;7,41E+00
63,75;1,45E+01;1,09E+01;4,31E+00;7,41E+00
63,79;1,45E+01;1,09E+01;4,31E+00;7,41E+00
63,83;1,45E+01;1,09E+01;4,31E+00;7,41E+00
63,87;1,45E+01;1,09E+01;4,31E+00;7,41E+00
63,91;1,45E+01;1,09E+01;4,32E+00;7,41E+00
63,95;1,45E+01;1,09E+01;4,31E+00;7,41E+00
63,99;1,45E+01;1,09E+01;4,31E+00;7,41E+00
64,02;1,45E+01;1,09E+01;4,31E+00;7,41E+00
64,06;1,45E+01;1,09E+01;4,32E+00;7,41E+00
64,10;1,45E+01;1,09E+01;4,32E+00;7,41E+00
64,14;1,45E+01;1,09E+01;4,32E+00;7,41E+00
64,18;1,45E+01;1,09E+01;4,32E+00;7,41E+00
64,22;1,45E+01;1,09E+01;4,32E+00;7,42E+00
64,26;1,45E+01;1,09E+01;4,32E+00;7,41E+00
64,30;1,45E+01;1,09E+01;4,32E+00;7,41E+00
64,34;1,45E+01;1,09E+01;4,32E+00;7,41E+00
64,37;1,45E+01;1,09E+01;4,32E+00;7,41E+00
64,41;1,45E+01;1,09E+01;4,32E+00;7,41E+00
64,45;1,45E+01;1,09E+01;4,32E+00;7,41E+00
64,49;1,45E+01;1,09E+01;4,32E+00;7,41E+00
64,53;1,45E+01;1,09E+01;4,32E+00;7,41E+00
64,57;1,45E+01;1,09E+01;4,32E+00;7,41E+00
64,61;1,45E+01;1,09E+01;4,32E+00;7,41E+00
64,65;1,45E+01;1,09E+01;4,32E+00;7,41E+00
64,69;1,45E+01;1,09E+01;4,32E+00;7,41E+00
64,72;1,45E+01;1,09E+01;4,32E+00;7,42E+00
64,76;1,45E+01;1,09E+01;4,32E+00;7,42E+00
64,80;1,45E+01;1,09E+01;4,32E+00;7,42E+00
64,84;1,45E+01;1,09E+01;4,32E+00;7,40E+00
64,88;1,45E+01;1,10E+01;4,32E+00;7,40E+00
64,92;1,45E+01;1,10E+01;4,32E+00;7,40E+00
64,96;1,45E+01;1,10E+01;4,32E+00;7,40E+00
65,00;1,45E+01;1,10E+01;4,32E+00;7,40E+00
65,04;1,45E+01;1,10E+01;4,32E+00;7,40E+00
65,07;1,45E+01;1,10E+01;4,32E+00;7,40E+00
65,11;1,45E+01;1,10E+01;4,32E+00;7,40E+00
65,15;1,45E+01;1,10E+01;4,32E+00;7,40E+00
65,19;1,45E+01;1,10E+01;4,32E+00;7,40E+00
65,23;1,45E+01;1,10E+01;4,33E+00;7,40E+00
65,27;1,45E+01;1,10E+01;4,32E+00;7,40E+00
65,31;1,45E+01;1,10E+01;4,32E+00;7,40E+00
65,35;1,45E+01;1,10E+01;4,33E+00;7,40E+00
65,39;1,45E+01;1,10E+01;4,33E+00;7,40E+00
65,42;1,44E+01;1,10E+01;4,32E+00;7,40E+00
65,46;1,45E+01;1,10E+01;4,32E+00;7,40E+00
65,50;1,45E+01;1,10E+01;4,33E+00;7,41E+00
65,54;1,44E+01;1,10E+01;4,32E+00;7,40E+00
65,58;1,45E+01;1,10E+01;4,32E+00;7,41E+00
65,62;1,45E+01;1,10E+01;4,32E+00;7,41E+00
65,66;1,45E+01;1,10E+01;4,33E+00;7,41E+00
65,70;1,44E+01;1,10E+01;4,32E+00;7,41E+00
65,74;1,45E+01;1,10E+01;4,33E+00;7,41E+00
65,77;1,45E+01;1,10E+01;4,33E+00;7,41E+00
65,81;1,45E+01;1,10E+01;4,33E+00;7,41E+00
65,85;1,45E+01;1,10E+01;4,33E+00;7,41E+00
65,89;1,45E+01;1,10E+01;4,33E+00;7,41E+00
65,93;1,45E+01;1,10E+01;4,33E+00;7,41E+00
65,97;1,45E+01;1,10E+01;4,33E+00;7,41E+00
66,01;1,45E+01;1,10E+01;4,33E+00;7,41E+00
66,05;1,45E+01;1,10E+01;4,33E+00;7,41E+00
66,09;1,45E+01;1,10E+01;4,33E+00;7,41E+00
66,12;1,45E+01;1,10E+01;4,33E+00;7,41E+00
66,16;1,45E+01;1,10E+01;4,33E+00;7,41E+00
66,20;1,45E+01;1,10E+01;4,33E+00;7,41E+00
66,24;1,45E+01;1,10E+01;4,33E+00;7,41E+00
66,28;1,45E+01;1,10E+01;4,33E+00;7,41E+00
66,32;1,45E+01;1,10E+01;4,33E+00;7,41E+00
66,36;1,45E+01;1,10E+01;4,33E+00;7,41E+00
66,40;1,45E+01;1,10E+01;4,33E+00;7,41E+00
66,44;1,45E+01;1,10E+01;4,33E+00;7,41E+00
66,47;1,45E+01;1,10E+01;4,33E+00;7,41E+00
66,51;1,45E+01;1,10E+01;4,33E+00;7,41E+00
66,55;1,45E+01;1,10E+01;4,33E+00;7,41E+00
66,59;1,45E+01;1,10E+01;4,33E+00;7,41E+00
66,63;1,45E+01;1,10E+01;4,33E+00;7,42E+00
66,67;1,45E+01;1,10E+01;4,33E+00;7,42E+00
66,71;1,45E+01;1,10E+01;4,33E+00;7,42E+00
66,75;1,45E+01;1,10E+01;4,33E+00;7,41E+00
66,79;1,45E+01;1,10E+01;4,33E+00;7,41E+00
66,82;1,45E+01;1,10E+01;4,33E+00;7,41E+00
66,86;1,45E+01;1,10E+01;4,33E+00;7,41E+00
66,90;1,45E+01;1,10E+01;4,33E+00;7,41E+00
